18.579721,-72.292778
18.465589,-72.412499
18.484819,-72.336731
18.539269,-72.336408
18.508912,-72.325058
18.539269,-72.336408
18.539269,-72.336408
18.543376,-72.338883
18.538328,-72.333067
18.55225,-72.33293
18.55225,-72.33293
19.083333,-72.5
18.529096,-72.350464
18.5352,-72.332954
18.539269,-72.336408
19.073962,-72.493861
18.539269,-72.336408
18.583333,-72.266667
18.539167,-72.335
18.521283,-72.372437
18.190359,-73.748291
18.539167,-72.335
18.539167,-72.335
18.539269,-72.336408
18.539269,-72.336408
18.539269,-72.336408
18.539269,-72.336408
18.53819,-72.323878
18.539269,-72.336408
18.541954,-72.306175
18.539269,-72.336408
18.539167,-72.335
18.242395,-72.534485
18.234167,-72.534722
18.539167,-72.335
18.539167,-72.335
18.539167,-72.335
18.234167,-72.534722
18.539167,-72.335
18.543361,-72.305212
18.544722,-72.302778
18.479609,-72.312012
18.5125,-72.285278
18.539269,-72.336408
18.240927,-72.525215
18.51347,-72.457581
18.5125,-72.285278
18.510866,-72.342224
18.543361,-72.305212
18.539269,-72.336408
18.544722,-72.302778
18.5125,-72.285278
18.539167,-72.335
18.238072,-72.53405
18.581233,-72.230457
18.544722,-72.302778
18.535607,-72.351837
18.52955604,-72.33787614
18.49652,-72.300543
18.529598,-72.408061
18.25022,-72.479553
18.5125,-72.285278
18.539269,-72.336408
18.539269,-72.336408
18.539269,-72.336408
18.539167,-72.335
18.633333,-72.266667
19.103036,-72.54932
18.548545,-72.399044
18.533328,-72.316604
18.575394,-72.29471
18.51933,-72.301626
18.543012,-72.33849
18.518516,-72.30051
18.553183,-72.3351
18.539167,-72.335
18.539675,-72.340336
18.537641,-72.340894
18.539167,-72.335
18.542524,-72.305403
18.829444,-71.936389
18.526492,-72.435608
18.532109,-72.329633
18.539167,-72.335
18.530591,-72.327731
18.539269,-72.336408
18.544721,-72.40591
18.19413,-73.749847
18.583333,-72.266667
18.424764,-72.7703
18.552329,-72.333169
18.583333,-72.266667
18.543361,-72.305212
18.543361,-72.305212
18.190359,-73.748291
18.537191,-72.330373
18.539269,-72.336408
18.501796,-72.28227
18.50983,-72.285553
18.539269,-72.336408
18.539269,-72.336408
18.539269,-72.340577
18.535165,-72.342303
18.53874,-72.334242
18.539269,-72.336408
18.527235,-72.338513
18.578491,-72.335553
18.50983,-72.285553
18.534237,-72.331555
18.537153,-72.29439
18.53056,-72.334424
18.5317,-72.408657
18.49652,-72.300543
18.532392,-72.305961
18.591586,-72.337418
18.533735,-72.315273
18.512838,-72.623987
18.238072,-72.53405
18.536298,-72.293129
18.370569,-72.646477
18.539269,-72.336408
18.479014,-69.890784
18.577918,-72.302399
18.513575,-72.288681
18.51257,-72.282035
18.534549,-72.335529
18.539269,-72.336408
18.549644,-72.322054
18.238072,-72.53405
18.50983,-72.285553
18.539269,-72.336408
18.512838,-72.623987
18.543361,-72.305212
18.539269,-72.336408
18.539167,-72.335
18.543744,-72.408485
18.512838,-72.623987
18.539269,-72.336408
19.75622,-72.199669
18.623635,-72.260513
18.537153,-72.29439
19.75622,-72.199669
18.560333,-72.301679
18.543361,-72.305212
18.537153,-72.29439
18.537153,-72.29439
18.539269,-72.336408
18.539167,-72.335
18.530501,-72.325055
18.50983,-72.285553
18.579721,-72.292778
18.539269,-72.336408
18.5125,-72.285278
18.238072,-72.53405
18.5125,-72.285278
18.539269,-72.336408
18.543361,-72.305212
18.539269,-72.336408
18.539167,-72.335
18.559445,-72.295671
18.539269,-72.336408
18.538373,-72.407284
18.559445,-72.295671
18.50983,-72.285553
18.539269,-72.336408
18.539167,-72.335
18.492519,-71.850777
18.578491,-72.335553
18.539269,-72.336408
18.433519,-72.861649
18.55,-72.516667
18.533918,-72.296364
18.536258,-72.295747
18.433519,-72.861649
18.190359,-73.748291
18.54085,-72.316313
18.539269,-72.336408
18.539269,-72.336408
18.570758,-72.328491
18.238072,-72.53405
18.581233,-72.230457
19.75622,-72.199669
18.544722,-72.302778
18.527235,-72.338513
18.54085,-72.316313
18.539269,-72.336408
18.539269,-72.336408
18.238072,-72.53405
18.539269,-72.336408
18.633333,-72.266667
18.539167,-72.335
18.539269,-72.336408
19.2579,-72.517319
18.238072,-72.53405
18.5317,-72.259827
18.543361,-72.305212
18.246144,-72.516117
18.512838,-72.623987
18.539269,-72.336408
18.544721,-72.305918
18.539269,-72.336408
18.934498,-71.994962
18.544722,-72.302778
19.108931,-72.697548
18.581233,-72.230457
18.546511,-72.411618
18.544722,-72.302778
18.544722,-72.302778
18.581233,-72.230457
18.539269,-72.336408
18.544722,-72.302778
18.539269,-72.336408
18.539167,-72.335
19.116667,-72.7
18.539269,-72.336408
18.5833,-72.3
18.51347,-72.37793
18.508261,-72.333984
18.539167,-72.335
18.509873,-72.28604
18.492519,-71.850777
18.611922,-72.33952
18.539167,-72.335
18.531375,-72.413979
18.539269,-72.336408
18.428889,-72.770556
18.234167,-72.534722
18.526492,-72.259827
18.238971,-72.534313
18.539167,-72.335
18.479014,-69.890784
18.428889,-72.770556
18.539167,-72.335
18.587818,-72.268947
18.5125,-72.285278
18.530439,-72.337289
18.50983,-72.285553
18.5125,-72.285278
18.543361,-72.305212
18.383333,-73.1
18.516075,-72.405396
18.539269,-72.336408
18.54085,-72.316313
18.521262,-72.276349
18.535607,-72.324371
18.544722,-72.302778
19.103648,-72.290039
18.50983,-72.285553
18.53377,-72.337005
18.234167,-72.534722
19.143431,-72.003891
18.516075,-72.274933
18.539167,-72.335
18.55,-72.516667
18.539269,-72.336408
18.500447,-72.430115
18.539269,-72.336408
18.539269,-72.336408
18.516888,-72.400546
18.536537,-72.314855
18.238072,-72.53405
18.539167,-72.335
18.54085,-72.316313
18.539167,-72.335
18.745108,-73.031616
18.538027,-72.609942
18.544722,-72.302778
18.532109,-72.329633
18.238072,-72.53405
18.527235,-72.338513
18.50983,-72.285553
18.559445,-72.295671
18.543361,-72.305212
18.539269,-72.336408
18.547924,-72.340224
18.56132,-72.30094
18.532109,-72.329633
19.661607,-71.836379
18.577562,-72.278823
18.537153,-72.29439
18.578569,-72.292099
19.632749,-72.232678
18.539167,-72.335
18.543361,-72.305212
18.492519,-71.850777
18.39716,-71.852686
18.579721,-72.292778
18.539269,-72.336408
18.579721,-72.292778
18.512838,-72.623987
18.539167,-72.335
18.185522,-72.755525
18.563598,-72.349777
18.238072,-72.53405
18.543907,-72.304802
18.535911,-72.317053
18.934498,-71.994962
18.50983,-72.285553
19.757778,-72.204167
18.548434,-72.320753
18.525108,-72.349091
18.539269,-72.336408
18.512838,-72.623987
18.067608,-73.63596
18.315418,-72.633963
18.539167,-72.335
18.494261,-71.848869
18.545947,-72.318567
18.238072,-72.53405
19.14906,-72.089539
18.578894,-72.292099
18.579721,-72.292778
18.25,-72.516667
18.575726,-72.294759
18.190359,-73.748291
18.50983,-72.285553
18.234167,-72.534722
18.559445,-72.295671
18.238072,-72.53405
18.190359,-73.748291
18.539167,-72.335
18.535911,-72.317053
19.143431,-72.003891
18.429722,-69.66861
18.542524,-72.340035
18.238072,-72.53405
19.75622,-72.199669
18.400261,-72.639665
18.512838,-72.623987
18.539269,-72.336408
18.576616,-72.289352
18.971187,-72.285215
18.512838,-72.623987
18.856991,-71.781406
18.2,-73.75
18.577918,-72.334843
18.572711,-72.239914
18.190359,-73.748291
18.424764,-72.7703
18.528486,-72.412133
18.578569,-72.292614
18.510833,-72.633889
18.512838,-72.623987
18.971187,-72.285215
18.542768,-72.338791
18.199575,-73.756269
18.971187,-72.285215
19.14366,-72.014592
19.759645,-72.78489
19.665641,-72.674264
18.971187,-72.285215
18.542076,-72.336473
18.539269,-72.336408
18.539269,-72.336408
18.50983,-72.285553
18.50983,-72.285553
19.759645,-72.78489
18.429899,-72.865099
18.559445,-72.295671
18.479014,-69.890784
19.759645,-72.78489
18.579721,-72.292778
19.665641,-72.674264
18.539167,-72.335
18.583333,-72.266667
18.370569,-72.646477
18.539167,-72.335
18.539269,-72.336408
18.579721,-72.292778
18.50983,-72.285553
19.731806,-72.194252
18.510833,-72.633889
18.552532,-72.36145
18.544879,-72.31935
18.53878,-72.322354
18.539167,-72.335
18.5125,-72.285278
18.578491,-72.335553
18.439227,-72.833862
18.238482,-72.544098
18.719097,-72.333984
18.54085,-72.316313
18.534304,-72.291155
18.543795,-72.344748
18.539167,-72.335
18.549033,-72.304974
18.548302,-72.346928
18.54085,-72.316313
18.25022,-72.549677
18.537153,-72.29439
18.560333,-72.301679
18.542076,-72.336817
18.539269,-72.336408
18.539269,-72.336408
18.368863,-72.631302
18.510833,-72.633889
18.579721,-72.292778
18.539269,-72.336408
19.730998,-72.195454
18.527397,-72.27113
19.762423,-72.205496
18.538282,-72.529356
18.538211,-72.455521
18.539269,-72.336408
18.539167,-72.335
18.540733,-72.316132
18.539167,-72.335
18.527235,-72.338513
18.554485,-72.339478
18.578491,-72.335553
18.535851,-72.407284
18.527794,-72.339478
18.234167,-72.534722
18.234167,-72.534722
18.544722,-72.302778
19.116667,-72.7
19.15,-72.016667
18.539167,-72.335
18.527397,-72.27113
19.762423,-72.205496
18.539269,-72.336408
18.539167,-72.335
18.538027,-72.609942
18.539167,-72.335
18.539167,-72.335
18.537153,-72.29439
18.539167,-72.335
18.560018,-72.338276
18.53581,-72.317162
18.539167,-72.335
18.540855,-72.317204
18.539167,-72.335
19.609271,-72.213431
19.762624,-72.205839
18.535932,-72.341194
18.544722,-72.302778
18.486813,-72.3142
18.539167,-72.335
18.52991,-72.380333
18.555136,-72.339478
18.583333,-72.266667
18.534584,-72.292142
18.428889,-72.770556
18.539167,-72.335
18.539167,-72.335
18.545168,-72.400546
18.53916,-72.335
18.556113,-72.351837
18.478754,-69.910126
19.083333,-72.5
18.588982,-72.227039
18.486175,-72.313353
18.539167,-72.335
18.2,-73.75
18.539167,-72.335
19.759757,-72.195625
18.539167,-72.335
18.578491,-72.335553
18.539167,-72.335
18.514162,-72.283988
18.383333,-73.1
18.383333,-73.1
18.539167,-72.335
18.5125,-72.285278
18.54085,-72.316313
18.539167,-72.335
18.539167,-72.335
18.539167,-72.335
18.539269,-72.336408
18.537153,-72.29439
18.51546,-72.285188
18.527235,-72.338513
18.529598,-72.408061
18.523603,-72.292914
18.534584,-72.292142
18.550824,-72.315402
18.537153,-72.29439
18.537191,-72.330373
18.514772,-72.631989
18.559445,-72.295671
18.546755,-72.326689
18.546145,-72.318621
18.25,-74.1
18.57922,-72.335529
18.511517,-72.288666
18.515668,-72.28476
18.548504,-72.342997
18.557156,-72.299972
18.551475,-72.335787
18.515833,-72.292446
18.238072,-72.53405
19.687066,-73.33895
18.540448,-72.340207
18.826469,-72.096138
18.512838,-72.623987
18.520632,-72.593193
18.559445,-72.295671
18.557203,-72.331301
18.537153,-72.29439
18.525678,-72.338448
18.527397,-72.27113
18.797768,-72.386856
18.539167,-72.335
18.241084,-72.518615
18.798743,-72.385912
18.524127,-72.285182
18.429914,-69.676528
19.786389,-72.245556
18.492519,-71.850777
18.529598,-72.408061
18.539167,-72.335
18.578569,-72.285919
18.533159,-72.317034
18.539167,-72.335
18.544722,-72.302778
18.450556,-72.286944
18.539167,-72.335
18.539269,-72.336408
18.491982,-71.850586
18.235873,-72.534485
18.851711,-71.798401
18.510833,-72.633889
18.526939,-72.298536
18.539167,-72.335
18.532921,-72.337761
18.537153,-72.29439
18.547976,-72.324371
18.53288,-72.339993
18.534584,-72.292142
18.383333,-73.1
18.54407,-72.338104
18.555055,-72.348404
18.510833,-72.633889
18.570107,-72.333984
18.234167,-72.534722
18.577267,-72.290726
18.560333,-72.301679
18.579545,-72.297249
18.539167,-72.335
18.571572,-72.340336
18.513145,-72.621689
18.532109,-72.329633
18.241742,-72.534142
18.537153,-72.29439
18.539269,-72.336408
18.510011,-72.286005
18.539167,-72.335
18.583333,-72.266667
18.539269,-72.336408
18.534584,-72.292142
18.545168,-72.342696
18.577755,-72.330551
18.544722,-72.302778
19.762503,-72.20571
18.539167,-72.335
18.539167,-72.335
18.535891,-72.291884
18.548627,-72.320938
18.55622,-72.32264
18.55794,-72.33096
18.50983,-72.285553
18.5324,-72.34303
18.564694,-72.247529
18.383333,-73.1
18.508363,-72.627418
18.512838,-72.623987
18.537153,-72.29439
18.539269,-72.336408
18.56436,-72.25534
18.56436,-72.25534
18.5364,-72.2968
18.539269,-72.336408
18.560333,-72.301679
18.539167,-72.335
18.23359,-72.535515
18.52913,-72.37219
18.52904,-72.37212
18.577593,-72.331753
18.58,-72.328889
18.523901,-72.133468
18.5421,-72.4727
18.556439,-72.298248
18.539716,-72.340078
18.580278,-72.338056
18.544722,-72.302778
18.51622,-72.292236
18.50983,-72.285553
18.513389,-72.286005
18.528407,-72.344773
18.234167,-72.534722
18.537153,-72.29439
18.539269,-72.336408
18.537153,-72.29439
18.550742,-72.406082
18.54915,-72.347269
18.517865,-72.290511
18.539167,-72.335
18.4874,-72.2763
18.581233,-72.230457
18.539268,-72.395353
18.360391,-72.14
18.543361,-72.305212
18.539269,-72.336408
18.510833,-72.633889
18.604764,-72.263474
18.507576,-72.626904
18.615339,-72.31905
18.5364,-72.33
19.609271,-72.213431
18.557559,-72.33027
18.510133,-72.286906
18.555787,-72.35424
18.556439,-72.298248
18.570758,-72.384796
18.532677,-72.369003
18.548545,-72.335529
18.533741,-72.321355
18.562459,-72.315273
18.573687,-72.298708
18.506389,-72.303514
18.539269,-72.336408
18.533,-72.4535
18.512838,-72.623987
18.543361,-72.305212
18.5447,-72.3028
18.548434,-72.320753
18.529096,-72.37175
18.539167,-72.335
18.542442,-72.342739
18.539167,-72.335
18.238645,-72.535686
18.512838,-72.623987
18.5125,-72.285278
18.512982,-72.282701
18.53222,-72.364265
18.528771,-72.366085
18.5333,-72.405
18.543361,-72.305212
18.971187,-72.285215
18.510833,-72.633889
18.541466,-72.404022
18.577347,-72.226152
18.52222,-72.3
18.521614,-72.230928
18.239134,-72.537918
18.539167,-72.335
18.544232,-72.408485
18.5382,-72.4329
18.238072,-72.53405
18.411867,-72.452087
18.505636,-72.283387
18.546457,-72.303694
18.542505,-72.325933
18.5364,-72.2968
18.532962,-72.338513
18.539167,-72.335
18.539167,-72.335
18.5125,-72.285278
18.513002,-72.286456
18.5977,-72.3006
18.52253,-72.34047
18.539167,-72.335
18.53406,-72.289438
18.562297,-72.405396
18.58445,-72.240912
18.539167,-72.335
18.322238,-72.19674
18.537976,-72.344361
18.508245,-72.292453
18.539167,-72.335
18.528056,-72.359722
18.541547,-72.30669
18.2333,-72.5345
18.590609,-72.258453
18.529096,-72.367115
18.559445,-72.295671
19.616667,-72.216667
18.539269,-72.336408
18.542442,-72.31707
18.1889,-73.7402
18.539167,-72.335
18.55538,-72.349434
18.539167,-72.335
18.545833,-72.318611
18.61833,-72.24766
18.539167,-72.335
18.544722,-72.302778
18.58,-72.2925
18.968637,-72.355957
18.557496,-72.299781
18.2,-73.75
19.763645,-72.205168
18.530439,-72.336645
18.557415,-72.559032
18.546348,-72.337418
18.510278,-72.286944
18.500447,-72.312012
18.536909,-72.347717
18.5125,-72.285278
19.616667,-72.216667
18.537722,-72.34364
18.209792,-71.099489
18.539167,-72.335
18.55512,-72.34896
18.234167,-72.534722
18.53444,-72.30194
18.539167,-72.335
18.248264,-72.517319
18.541871,-72.33662
18.539167,-72.335
18.538984,-72.396297
18.526248,-72.283945
18.539269,-72.336408
18.539167,-72.335
18.493936,-72.613106
18.539269,-72.336408
18.5125,-72.285278
18.535833,-72.4175
18.539269,-72.336408
18.539167,-72.335
18.539167,-72.335
18.5125,-72.285278
18.539167,-72.335
18.383333,-73.1
18.510833,-72.633889
18.383333,-73.1
18.539269,-72.336408
18.5125,-72.285278
18.588657,-72.274933
18.540977,-72.315617
18.983333,-72.633333
18.537153,-72.29439
18.2359,-72.5482
18.5291,-72.3722
18.54223,-72.52219
18.534291,-72.291428
18.529723,-72.40792
18.2387,-72.5382
18.53777,-72.26251
18.62167,-72.25423
18.53044,-72.36609
19.719364,-72.234464
18.548956,-72.348851
18.544722,-72.302778
18.539167,-72.335
18.578128,-72.336592
18.359739,-72.644348
18.532962,-72.338513
18.539167,-72.335
18.54407,-72.342138
18.532962,-72.338513
18.556397,-72.31051
18.544722,-72.302778
18.535769,-72.322117
18.539269,-72.336408
18.539269,-72.336408
18.525841,-72.317505
18.971187,-72.285215
18.524292,-72.277822
18.540422,-72.318176
18.539167,-72.335
18.235278,-72.536667
18.545947,-72.318567
18.539269,-72.336408
18.431389,-72.866944
18.604423,-72.263026
18.583333,-72.266667
18.539167,-72.170762
18.527417,-72.271131
19.716293,-72.235794
18.536365,-72.337373
19.75622,-72.199669
18.510833,-72.633889
18.041313,-71.759282
18.513755,-72.28755
18.556479,-72.329993
18.526655,-72.297635
18.581233,-72.230457
18.529598,-72.408061
18.553021,-72.30463
18.540853,-72.316314
18.61833,-72.24766
18.540001,-72.337933
18.539167,-72.335
18.526334,-72.341121
18.530398,-72.377586
18.539167,-72.335
18.513403,-72.287525
18.541766,-72.343561
18.245003,-72.529678
18.535769,-72.322117
18.559953,-72.333667
18.578491,-72.335553
18.383333,-73.1
18.53008,-72.372709
18.539269,-72.336408
18.238072,-72.53405
18.539167,-72.335
18.536667,-72.331389
18.49901,-72.60096
18.526334,-72.341121
18.543361,-72.305212
18.5266,-72.29483
18.52958,-72.36059
18.533665,-72.349074
18.526492,-72.366943
18.586872,-72.274376
19.383333,-72.433333
18.2365,-72.5317
18.5243,-72.35005
18.526991,-72.359077
19.769131,-72.381427
18.5266,-72.29483
18.512838,-72.623987
18.533979,-72.245922
18.539167,-72.335
18.539167,-72.335
18.631931,-72.262573
18.530069,-72.361344
19.144266,-72.009303
19.757778,-72.204167
18.513002,-72.286456
18.237714,-72.542257
18.539167,-72.335
18.62622,-72.270295
18.539268,-72.514658
18.238072,-72.53405
18.54085,-72.316313
19.609118,-72.211418
18.299773,-72.627869
18.55109,-72.31149
18.510825,-72.283559
18.5125,-72.285278
18.555746,-72.319393
18.5317,-72.406769
18.231308,-72.538776
18.5256,-72.3294
18.529422,-72.33995
18.510833,-72.633889
18.532222,-72.389167
18.584304,-72.265406
18.522837,-72.255096
18.576616,-72.333298
18.539167,-72.335
18.770338,-72.513088
18.574664,-72.285233
18.578406,-72.292099
19.116667,-72.7
18.6037,-72.2621
18.6037,-72.2621
18.548627,-72.290382
18.501424,-72.302828
18.625833,-72.268611
18.431389,-72.866944
18.531415,-72.335873
18.579871,-72.292099
18.578569,-72.286606
19.746994,-72.199402
18.584304,-72.265406
18.548627,-72.348061
18.539391,-72.327118
18.539167,-72.335
18.597077,-72.285233
18.234167,-72.534722
18.540815,-72.315617
18.541466,-72.335358
18.510833,-72.633889
18.539167,-72.335
18.584304,-72.265406
19.731159,-72.195969
18.516667,-72.4
19.763311,-72.197943
18.387108,-72.631989
18.52519,-72.346773
18.537275,-72.34201
19.757778,-72.204167
18.433519,-72.861649
18.536583,-72.342739
18.234167,-72.534722
18.41317,-72.891541
18.319329,-72.634735
18.539675,-72.340035
18.540448,-72.339778
18.510833,-72.633889
18.538943,-72.318492
18.539167,-72.335
18.529598,-72.408061
18.539167,-72.335
18.510093,-72.286692
18.5125,-72.285278
18.539167,-72.335
18.234167,-72.534722
18.546348,-72.412348
18.50983,-72.285553
18.479609,-72.246094
18.539167,-72.335
18.245655,-72.518005
18.4,-73.4333
18.4908,-71.8508
18.539167,-72.335
18.534,-72.34
18.543988,-72.336538
18.5125,-72.285278
18.541384,-72.306089
19.616667,-72.216667
18.79,-72.5056
18.539167,-72.335
18.5161,-72.2791
18.85247,-71.81859
18.5125,-72.285278
18.539269,-72.336408
18.770338,-72.513088
18.582799,-72.236824
18.5125,-72.285278
18.550247,-72.310075
18.5125,-72.285278
18.577918,-72.287979
18.590935,-72.275791
18.531111,-72.374722
18.546429,-72.30669
18.538211,-72.346344
18.540422,-72.318176
18.428889,-72.770556
18.550661,-72.308106
18.539167,-72.335
18.539167,-72.335
19.44804,-72.68315
18.58684,-72.29217
18.5294,-72.2745
18.5294,-72.2745
18.56054,-72.2477
18.4816,-72.2887
18.60242,-72.2651
18.23525,-72.53732
18.5311,-72.3543
18.8472,-72.484
18.62571,-72.27082
18.539167,-72.335
18.539269,-72.336408
18.56058,-72.30971
18.579708,-72.227726
18.645,-74.1134
18.53853,-72.33398
18.542727,-72.301154
18.539319,-72.322237
18.54986,-72.3085
18.539167,-72.335
18.52234,-72.28337
18.539167,-72.335
18.383333,-73.1
18.535911,-72.317053
19.7477,-72.202
18.5415,-72.5359
18.540198,-72.296052
18.238319,-72.541351
19.2579,-72.517319
18.547935,-72.305017
18.493552,-72.587491
18.234167,-72.534722
18.54647,-72.284932
18.646977,-74.112911
18.522341,-72.282572
18.514772,-72.650871
18.534304,-72.401533
18.530561,-72.406597
18.531415,-72.363253
19.616667,-72.216667
18.563842,-72.248497
18.532514,-72.400246
18.575654,-72.229561
18.432062,-72.861328
19.642588,-72.064819
19.776396,-72.241287
18.554404,-72.310767
18.234167,-72.534722
18.557661,-72.328924
19.447859,-72.691235
18.546465,-72.303539
18.513145,-72.631645
18.58,-72.2925
18.426199,-72.767944
18.526492,-72.415009
18.559451,-72.295522
18.559451,-72.295522
18.553672,-72.348747
18.234167,-72.534722
18.485145,-72.31493
18.240927,-72.518349
18.532555,-72.282443
19.750323,-72.429429
18.539879,-72.314672
18.510833,-72.633889
18.53367,-72.29183
19.4455,-72.695
18.262284,-72.535858
18.590982,-72.285729
18.496052,-72.30051
18.4314,-72.7872
18.424764,-72.7703
18.528328,-72.381633
18.3899,-72.7638
18.528361,-72.371998
18.971187,-72.285215
18.560018,-72.308149
18.546332,-72.316921
18.530276,-72.383466
18.546332,-72.316921
18.529598,-72.408061
18.546674,-72.303429
18.5122,-72.6247
18.194,-73.749
19.45,-72.683333
18.539167,-72.335
18.524728,-72.338245
18.579871,-72.290726
18.55,-72.516667
18.456488,-72.618599
18.5125,-72.285278
18.530398,-72.375097
19.94,-72.83
18.579301,-72.271929
18.5642,-72.2995
18.54407,-72.341537
18.539167,-72.335
18.527794,-72.36351
18.539167,-72.335
18.539167,-72.335
18.510833,-72.633889
18.539167,-72.335
18.57206,-72.334671
18.539167,-72.335
18.556596,-72.308739
18.510833,-72.633889
18.522428,-72.284137
18.556596,-72.308739
18.556596,-72.308739
18.5125,-72.285278
18.513529,-72.28523
18.521612,-72.283721
18.544722,-72.302778
18.53039,-72.38078
18.5347,-72.29089
18.53805,-72.34831
18.77085,-72.512544
19.45,-72.683333
18.501073,-72.303525
18.539792,-72.348322
18.62559,-72.27071
18.191323,-73.748497
18.548286,-72.324852
18.53934,-72.34011
18.433853,-72.823563
18.538943,-72.349005
18.53019,-72.32857
18.431389,-72.866944
18.537722,-72.406769
18.515912,-72.290726
18.452011,-72.287035
18.557333,-72.3142
18.54276,-72.52299
18.517784,-72.290468
18.51669,-72.411691
18.539167,-72.335
18.497599,-72.301369
18.502401,-69.76387
18.513796,-72.287464
18.512819,-69.765244
18.528893,-72.339692
18.234167,-72.534722
18.537163,-72.29425
18.255758,-71.808212
18.55497,-72.31862
18.534589,-72.399259
18.555136,-72.27562
18.55908,-72.29616
18.245655,-72.516632
18.51843,-72.60626
18.559652,-72.310767
18.539167,-72.335
18.383333,-73.1
18.539167,-72.335
18.539167,-72.335
18.560181,-72.293644
18.55,-72.516667
18.234167,-72.534722
18.5438,-72.3294
18.5384,-72.30632
18.162,-73.8403
18.5704,-72.2828
18.5426,-72.52294
19.1088,-72.6976
19.12397,-72.53661
18.55989,-72.31084
18.55591,-72.3273
18.54156,-72.30388
18.55584,-72.32743
18.6257,-72.2709
18.56383,-72.2565
18.5513,-72.3217
18.558277,-72.329948
19.8557,-73.1924
18.1945,-73.7512
18.53635,-72.43415
18.555558,-72.317836
19.1444,-72.0087
18.4944,-72.5863
18.54402,-72.31947
20.0463,-72.7721
19.113563,-72.699264
18.4759,-72.5964
18.0653,-73.8522
18.540162,-72.40403
18.5616,-72.2436
18.553095,-72.328993
18.5559,-72.3273
18.5618,-72.252
18.5112,-72.623
18.5122,-72.6247
18.5546,-72.314
18.5813,-72.2274
18.195271,-73.752079
18.52376,-72.3366
18.4933,-72.6224
18.5436,-72.4075
18.53,-72.36279
18.8303,-72.8723
18.54879,-72.4085
19.1166,-72.7
18.55298,-72.31766
19.938335,-72.829571
18.57346,-72.32333
19.2617,-72.5194
18.537606,-72.295617
19.60786,-72.214
18.53626,-72.33368
18.6506,-72.2781
18.537163,-72.29425
18.5774,-72.3311
18.575965,-72.226868
18.52276,-72.33831
18.530247,-72.33664
18.542401,-72.32965
18.521121,-72.290726
18.546552,-72.284932
18.531049,-72.336988
18.485547,-72.313363
18.532181,-72.402043
18.544395,-72.314758
18.6257,-72.2709
18.51988,-72.293138
18.55608,-72.319211
18.383333,-73.1
18.433446,-72.861586
18.53037,-72.36408
18.3167,-72.7667
18.529598,-72.408061
18.522813,-72.281671
18.524286,-72.293939
18.530902,-72.36601
18.53106,-72.36589
19.37,-72.13
18.543361,-72.305212
18.570766,-72.28818
18.53096,-72.36625
18.6009,-72.2655
18.433121,-72.861671
18.587818,-72.268947
18.237666,-72.534657
18.497917,-72.611191
18.535719,-72.301509
18.5125,-72.285278
18.552156,-72.32995
18.511054,-72.633397
18.555238,-72.348109
18.526874,-72.38435
18.539167,-72.335
18.54668,-72.30277
18.530404,-72.33253
18.534836,-72.325541
18.543459,-72.330723
18.2,-73.75
18.539167,-72.335
18.527886,-72.312644
18.546674,-72.303772
18.63336,-72.26667
18.428889,-72.770556
18.548434,-72.320753
19.37,-72.13
18.578247,-72.230119
18.505833,-71.976667
18.525815,-72.323713
18.582799,-72.295361
19.666667,-72.683333
18.517848,-72.282719
18.539167,-72.335
18.53935,-72.340465
18.539167,-72.335
18.59532,-72.28528
18.539167,-72.335
18.539269,-72.336408
18.537163,-72.29425
18.53463,-72.4092
18.545088,-72.303009
18.593909,-72.310399
18.530874,-72.340862
18.54407,-72.304974
18.555002,-72.302016
18.492519,-71.850777
18.5347,-72.2909
18.48259,-72.30799
18.53113,-72.341
18.52448,-72.3376
18.5244,-72.3376
18.52449,-72.33768
18.539167,-72.335
18.52882,-72.37197
18.53109,-72.35651
18.509074,-72.629555
18.567094,-72.257154
18.539167,-72.335
18.625918,-72.270453
18.5024,-72.3022
18.96303,-72.58392
18.435434,-72.268436
18.512375,-72.276156
18.609625,-72.28181
18.83338,-72.86556
18.53463,-72.330036
18.539167,-72.335
18.579349,-72.336167
18.580026,-72.335498
19.261221,-72.517023
18.528318,-72.344217
18.529598,-72.408061
18.55545,-72.32028
18.549164,-72.3084
19.93388,-72.82671
18.51057,-72.63267
18.542768,-72.524185
18.5341,-72.31476
18.543012,-72.308707
18.533491,-72.376041
18.625293,-72.26384
18.552532,-72.362137
18.541466,-72.337418
19.44774,-72.69125
18.4229,-72.7707
18.369131,-72.756444
18.527794,-72.457581
18.771115,-72.932739
18.280277,-72.520836
19.26262,-72.51692
18.84678,-73.13685
18.53028,-72.37283
18.54908,-72.33868
18.5934,-72.2779
18.51651,-72.19256
18.5449,-72.33095
18.539167,-72.335
18.51836,-72.23696
18.383333,-73.1
18.513529,-72.28523
18.5125,-72.285278
19.1021,-72.69959
18.5103,-72.6324
18.529161,-72.346769
18.361043,-73.213577
18.545061,-72.31811
18.522941,-72.230727
18.492822,-72.306879
18.56111,-72.24822
19.45,-72.683333
18.532663,-72.296733
18.56168,-72.31043
18.5492,-72.3074
18.539935,-72.320245
18.516506,-72.616799
18.54516,-72.31026
18.5568,-72.2984
18.56848,-72.333641
18.544722,-72.302778
18.539167,-72.335
18.5125,-72.285278
18.234167,-72.534722
18.234167,-72.534722
18.539167,-72.335
18.5934,-72.277881
18.604276,-72.262831
18.539167,-72.335
18.560832,-72.247896
18.529598,-72.40806
18.54245,-72.5228
18.5434,-72.2955
19.17977,-72.62562
18.5657,-72.2553
18.62588,-72.27081
18.53487,-72.29067
18.194,-73.746
18.53974,-72.43667
18.647528,-72.260429
18.5566,-72.31086
18.4482,-72.2775
18.53024,-72.37263
18.54096,-73.79701
18.52852,-72.38142
18.542534,-72.326409
18.513476,-72.286281
18.61403,-72.27728
18.52424,-72.348323
18.541669,-72.298665
18.529217,-72.349362
18.554558,-72.311193
18.488563,-72.277336
18.4833,-72.5166
18.234167,-72.534722
18.537234,-72.527288
18.5565,-72.3328
18.531169,-72.363534
18.4859,-72.3128
18.592498,-72.274403
18.5434,-72.3326
18.449956,-72.287125
18.429111,-72.86826
19.80706,-73.37117
18.53403,-72.32437
18.539167,-72.335
18.5066,-72.6218
18.54454,-72.31888
18.485547,-72.313363
18.161024,-73.840133
18.530157,-72.37269
19.108433,-72.697306
18.528995,-72.37186
18.530642,-72.249184
18.79856,-72.38491
18.513529,-72.28523
18.539167,-72.335
18.559946,-72.308135
18.558577,-72.308539
18.556596,-72.308739
18.539167,-72.335
18.544722,-72.302778
18.539167,-72.335
18.510833,-72.633889
18.538342,-72.334174
18.571808,-72.279505
18.550908,-72.312335
18.191161,-73.751866
18.5359,-72.3208
18.539167,-72.335
19.93532,-72.832702
18.544491,-72.343059
18.5433,-72.4049
18.53111,-72.36576
18.54033,-72.43395
18.53745,-72.344662
18.53841,-72.3287
18.5367,-72.32886
18.5242,-72.3483
18.506308,-72.274117
19.865449,-73.196526
18.54259,-72.40266
18.536,-72.4056
18.555553,-72.336892
18.543581,-72.326088
18.5788,-72.2289
18.5568,-72.298
18.582067,-72.230301
18.5346,-72.4092
18.5518,-72.30314
18.5505,-72.3042
18.526092,-72.356331
20.058511,-72.784424
18.1677,-73.812
18.4993,-72.3225
18.5161,-72.4411
18.54249,-72.32716
18.5492,-72.316
18.5829,-72.28366
18.1994,-73.7509
18.54482,-72.40242
18.55655,-72.29087
18.5742,-72.29843
18.53169,-72.389152
18.2809,-73.3944
18.452137,-72.28671
18.583333,-72.266667
18.585454,-72.27374
18.551724,-72.312263
18.546239,-72.303234
18.529923,-72.365198
18.5286,-72.3245
18.528851,-72.348447
18.5127,-72.6239
18.56204,-72.31275
18.23455,-72.53469
18.559451,-72.295522
18.571,-72.279
18.235,-72.534
18.534793,-72.604523
18.53833,-72.40933
18.564975,-72.253553
19.12266,-72.47845
18.23504,-72.53731
18.528,-72.523
18.54262,-72.52296
18.59857,-72.31337
18.54619,-72.31869
18.5408,-72.44216
18.55807,-72.32864
18.539269,-72.336408
18.539167,-72.335
18.58146,-72.24099
18.556596,-72.308739
18.5087,-72.50824
18.5419,-72.3366
18.2,-73.75
19.5067,-72.4094
19.6602,-72.831
18.53037,-72.36408
18.55832,-72.32299
18.55512,-72.30032
18.4288,-72.8627
18.53706,-72.32885
18.53681,-72.32877
18.5408,-72.3203
18.59258,-72.2655
18.537397,-72.29476
18.77085,-72.512544
18.2808,-73.2175
18.5301,-72.3779
18.52621,-72.34683
18.5322,-72.3633
18.283333,-73.333333
18.4759,-72.5964
18.5286,-72.3315
18.43272,-72.86537
18.539,-72.4294
19.1444,-72.0087
18.5272,-72.3081
18.56446,-72.32447
18.4718,-72.2707
18.58076,-72.26727
18.53394,-72.315
18.554501,-72.34654
18.5387,-72.3446
19.434,-72.6977
18.44664,-72.67436
18.562907,-72.321582
18.53224,-72.38001
18.55777,-72.30272
19.93983,-72.83028
18.57706,-72.33088
18.57402,-72.29843
18.53247,-72.31571
19.93532,-72.83226
19.609892,-72.209925
18.5461,-72.46656
18.555,-72.338
18.54026,-72.42916
18.55849,-72.32167
18.51843,-72.59147
18.555243,-72.33185
18.53494,-72.29044
18.54026,-72.40249
19.102,-72.699
18.52786,-72.41088
18.53578,-72.39933
18.55,-72.3348
18.55051,-72.33148
18.51057,-72.2794
18.54137,-72.3984
18.5341,-72.315
18.55783,-72.33097
18.3543,-72.6072
18.54339,-72.32965
18.19692,-73.74871
18.202,-73.7538
18.57286,-72.29907
18.53045,-72.36256
18.51304,-72.61742
18.55869,-72.3047
18.55406,-72.31894
18.6051,-72.264128
18.524,-72.2846
18.52386,-72.27216
18.536923,-72.268988
18.5544,-72.3219
18.579545,-72.291756
18.231825,-72.535735
18.524661,-72.272336
18.559,-72.2964
18.53284,-72.06765
18.525052,-72.339172
18.549637,-72.339364
18.6026,-72.26572
18.397533,-71.855049
18.510833,-72.633889
19.784248,-72.243185
18.554226,-72.348357
18.54033,-72.43395
18.545078,-72.343215
18.513145,-72.288022
18.5376,-72.410898
18.315725,-72.185869
18.533548,-72.398206
18.54556,-72.31889
18.539167,-72.335
18.5344,-72.288
18.55541,-72.339506
19.69214,-73.33401
18.529132,-72.250027
18.55119,-72.31179
18.238097,-72.533945
18.55997,-72.31064
18.434668,-72.964325
18.59523,-72.28587
18.547186,-72.301707
18.195611,-73.756533
18.53334,-72.401496
18.63334,-72.266653
18.539601,-72.340062
18.52867,-72.331223
18.580001,-72.292501
18.53286,-72.36607
18.5421,-72.4747
18.59132,-72.28551
18.587094,-72.305952
19.2612,-72.5167
18.546167,-72.304111
18.538151,-72.332584
18.529292,-72.361327
19.9398,-72.838
18.49123,-72.312
18.190359,-73.748295
18.6033,-72.2639
18.56034,-72.30919
19.4475,-72.6874
18.426355,-72.770039
18.538862,-72.345657
18.55685,-72.3301
18.544006,-72.319446
18.55522,-72.313932
18.539208,-72.328789
18.548333,-72.286111
18.483333,-72.266667
18.550401,-72.304128
18.52306,-72.33778
18.542117,-72.340356
18.531049,-72.294167
19.5824,-72.3917
19.5824,-72.3917
18.38416,-73.41422
18.5352,-72.3174
18.4527,-72.2867
18.61831,-72.30297
18.233695,-72.536217
18.5657,-72.2984
18.27769,-72.171216
18.53655,-72.31603
18.5438,-72.3445
18.541938,-72.406145
18.52243,-72.28349
18.53589,-72.30889
18.5392,-72.3364
18.527848,-72.360992
18.49439,-72.30488
18.59615,-72.2853
18.485641,-72.515138
18.237993,-72.518864
18.54761,-72.3155
18.556596,-72.308739
18.486173,-72.305691
18.65,-74.116667
18.53394,-72.315
18.523995,-72.33628
18.73414,-72.41816
18.733283,-72.416685
18.525815,-72.323713
18.50409,-72.64025
18.57122,-72.29817
18.2312,-72.48129
18.531279,-72.341663
18.517359,-72.289612
18.234167,-72.534722
18.5665,-72.24585
18.51738,-72.23697
18.5854,-72.27349
18.190359,-73.748291
18.5618,-72.252
19.44841,-72.68568
18.574603,-72.225291
18.530439,-72.338542
19.466601,-72.691
18.835,-72.103889
18.55283,-72.32396
19.44841,-72.68568
18.53084,-72.3622
19.44841,-72.68568
18.544722,-72.29595
18.5369,-72.3134
18.5125,-72.285278
18.552667,-72.334275
18.5395,-72.3285
18.527795,-72.371358
18.62519,-72.26152
18.618683,-72.248822
18.535224,-72.292668
18.5102,-72.6186
18.556837,-72.29805
18.51205,-72.63043
18.5933,-72.2654
18.5826,-72.2626
18.62562,-72.27078
18.554371,-72.322073
18.5731,-72.2853
18.5103,-72.6324
18.5382,-72.3246
18.19272,-73.75114
18.5299,-72.36722
18.1677,-73.812
18.2808,-73.39429
18.280248,-73.395159
18.513529,-72.28523
18.537273,-72.268944
18.52951,-72.40807
18.5357,-72.3423
18.5291,-72.37223
18.5473,-72.3009
18.507301,-72.628266
18.52849,-72.3311
18.53416,-72.32425
18.28,-73.4
18.2848,-73.4024
18.2835,-73.4038
18.4575,-72.6352
18.52084,-72.4134
18.57402,-72.29843
18.555074,-72.326568
18.53179,-72.29169
18.424764,-72.7703
18.77085,-72.512544
18.565,-72.316
18.52504,-72.29212
18.5566,-72.30874
18.48326,-72.51704
18.52877,-72.34655
18.28185,-73.39225
18.527162,-72.405969
18.522547,-72.339616
18.528372,-72.353017
18.5573,-72.336944
18.54417,-72.30811
18.58,-72.2925
18.57738,-72.2296
18.579622,-72.22435
18.55512,-72.34896
18.509878,-72.282933
18.523496,-72.340462
18.347519,-73.861274
18.626285,-72.270487
18.530658,-72.349662
18.5571,-72.3263
18.545195,-72.302652
18.5427,-72.523
18.5401,-72.318
18.5427,-72.523
18.56239,-72.25278
18.5103,-72.6324
18.5873,-72.3061
18.534147,-72.291675
18.52951,-72.40807
18.5313,-72.3417
18.5586,-72.3218
18.529923,-72.365198
18.56543,-72.251784
18.52729,-72.37381
18.5392,-72.3372
18.5328,-72.3845
18.531599,-72.363441
18.2808,-73.39429
18.539012,-72.32195
18.538703,-72.329345
18.6257,-72.2709
18.6026,-72.2826
18.433,-72.865
18.55644,-72.31081
18.51027,-72.63234
18.55574,-72.32605
18.55574,-72.32605
19.804401,-73.37237
18.5068,-72.2964
19.371252,-72.333618
18.53,-72.37269
18.508324,-72.633228
18.555895,-72.323996
18.534885,-72.290523
18.528489,-72.358384
18.51003,-72.63227
18.578841,-72.229023
18.53515,-72.40948
18.53936,-72.327491
18.53578,-72.39933
18.527013,-72.37728
18.543217,-72.52246
18.552,-72.30338
19.126032,-72.482558
18.555074,-72.326568
18.554275,-72.344451
18.1881,-73.0066
18.51896,-72.2969
18.51896,-72.2969
18.5657,-72.2553
18.53945,-72.39877
18.555074,-72.326568
18.5121,-72.2828
18.828316,-73.01239
18.56119,-72.31181
19.4461,-72.6884
18.53268,-72.37353
18.5328,-72.3378
18.52729,-72.37381
18.429468,-72.851426
18.54336,-72.29544
18.625897,-72.270404
18.546182,-72.314539
18.405021,-74.452757
18.5536,-72.322
18.5804,-72.2305
18.5804,-72.2305
18.53806,-72.31917
18.5554,-72.32549
18.52347,-72.33615
18.53446,-72.4074
18.52699,-72.37409
18.53085,-72.37306
18.53507,-72.29033
18.53507,-72.29033
18.534356,-72.291295
18.56697,-73.88929
19.0501,-72.46675
18.30934,-72.54743
18.536601,-72.314801
18.52281,-72.28179
18.5804,-72.2305
18.5804,-72.2305
18.54222,-72.403203
18.83488,-72.86547
18.55449,-72.31116
18.51669,-72.29513
18.52699,-72.37409
18.528688,-72.223972
18.46402,-72.58554
18.42818,-72.76912
18.53509,-72.29043
18.53128,-72.36657
18.5455,-72.309
18.5385,-72.4029
18.55859,-72.32166
18.54021,-72.42912
18.516667,-72.4
18.5294,-72.35081
18.2818,-73.399
18.280273,-73.395167
18.5518,-72.33909
19.7518,-72.2021
18.5357,-72.33316
18.580095,-72.229202
18.5347,-72.2909
18.593396,-72.27788
18.610556,-72.258056
18.553159,-72.321976
18.561523,-72.300892
18.555274,-72.326398
18.56162,-72.30091
18.55283,-72.30283
18.526508,-72.321022
18.52527,-72.27201
18.527,-72.3741
18.581,-72.233
18.6046,-72.2571
18.5103,-72.2869
18.557467,-72.309744
19.1233,-72.4776
19.8849,-73.195
19.22697,-72.58361
18.51029,-72.63239
18.6009,-72.2635
18.42489,-72.56329
18.54281,-72.52279
18.42818,-72.76912
18.58,-72.232
18.55432,-72.31314
18.53998,-72.42899
18.5089,-72.2508
18.27816,-72.63534
18.562703,-72.291541
18.58663,-72.24657
19.66424,-71.83315
18.54854,-72.3043
18.54854,-72.3043
18.53616,-72.34245
20.04502,-72.78911
18.540014,-72.345453
18.52282,-72.28164
18.5341,-72.315
18.5346,-72.4092
18.60249,-72.26994
18.5605,-72.29459
18.62614,-72.27
18.54303,-72.40312
18.50956,-72.28737
18.5186,-72.29682
18.5847,-72.24065
18.53347,-72.39817
18.57245,-72.28719
18.5543,-72.3169
18.5783,-72.3356
18.5783,-72.3356
18.52281,-72.28179
18.52281,-72.28179
18.5378,-72.3329
18.544,-72.289
19.26248,-72.51748
18.54264,-72.52304
18.54264,-72.52304
18.50956,-72.28737
18.5335,-72.3982
18.57033,-72.25806
18.58631,-72.24149
18.5938,-72.3103
19.73333,-72.71667
18.5767,-72.23028
18.5309,-72.3397
18.52985,-72.35046
18.5103,-72.6324
18.56451,-72.25405
18.18832,-73.0028
18.49701,-72.53551
18.25551,-72.69506
18.23549,-72.53398
18.5775,-72.2296
19.12405,-72.53661
18.533,-72.402
20.045,-72.789
18.6257,-72.2709
18.553,-72.3246
18.52313,-72.34075
18.445,-73.089
18.2359,-72.5345
18.53257,-72.36754
18.53257,-72.36754
18.5575,-74.3962
18.59537,-72.28584
18.48344,-72.63289
18.55842,-72.32163
18.51022,-72.63236
19.10208,-72.69958
18.53578,-72.39933
18.395021,-72.651182
18.428,-72.768
18.52674,-72.38486
18.5415,-72.43942
19.665,-73.209
18.5176,-72.2826
18.50992,-72.28324
18.50992,-72.28324
18.506,-72.6267
18.62592,-72.27025
18.39,-72.055
18.5387,-72.3154
18.534036,-72.40589
18.53623,-72.40027
18.5417,-72.3172
18.4809,-72.3134
18.544737,-72.302335
19.7602,-72.209
18.53142,-72.33502
18.5258,-72.3719
18.53175,-72.4049
18.5449,-72.3029
19.15,-72.6165
18.54017,-72.43481
18.5492,-72.3048
18.5483,-72.3054
18.54357,-72.4165
18.55791,-72.33069
18.53527,-72.39831
18.19438,-73.75101
18.610556,-72.258056
18.3358,-74.32035
18.5314,-72.348
18.51723,-72.29582
18.55979,-72.29485
18.5393,-72.41752
18.580551,-72.267802
19.8636,-73.206
18.51091,-72.63335
18.5193,-72.6457
18.2377,-72.5345
18.545,-72.331
18.562,-72.252
18.54412,-72.47662
18.4549,-72.0428
18.2355,-72.5225
18.5434,-72.3005
18.5404,-72.41747
18.53018,-72.35255
19.1218,-72.6924
18.519981,-72.622375
18.507656,-72.626983
18.59583,-72.2846
18.45419,-72.29166
18.54249,-72.325933
18.4203,-72.6401
18.5256,-72.3408
19.2833,-72.5
18.5568,-72.326
18.42,-72.64
18.4562,-72.4329
18.54178,-72.31341
18.5299,-72.2871
18.53988,-72.3171
19.4498,-72.69
18.54034,-72.41747
18.57202,-72.29133
18.5721,-72.2984
18.5356,-72.3175
18.52951,-72.3725
19.4368,-72.6828
18.5333,-72.4167
18.5206,-72.4136
18.539167,-72.335
18.56585,-72.2982
18.6794,-72.3175
18.4527,-72.4836
18.54417,-72.30811
18.5346,-72.397
18.53192,-72.39124
18.53062,-72.37515
18.235,-72.53399
18.52416,-72.34865
18.55712,-72.29995
19.4461,-72.6884
18.52856,-72.4051
18.50453,-72.54672
18.5445,-72.3188
18.53251,-72.3576
18.5484,-72.3054
18.5415,-72.43942
18.55563,-72.3261
18.3236,-72.1818
18.52345,-72.34853
19.25,-72.2833
19.8126,-73.1648
18.5187,-72.632
18.5716,-72.2907
18.522842,-72.351792
18.45,-73.719
18.5468,-72.3064
18.9414,-72.6924
18.522842,-72.351792
18.54384,-72.31847
18.5095,-72.2947
18.5389,-72.5302
18.53995,-72.32892
18.5333,-72.35
18.5018,-72.5358
18.535358,-72.34713
18.7343,-72.41859
18.7788,-72.506
18.53976,-72.52784
18.5563,-72.299
18.56182,-72.25176
18.8348,-72.10484
18.5125,-72.285278
19.63788,-73.05191
18.50848,-72.63129
18.55668,-72.32484
18.5504,-72.33136
18.62292,-72.24338
18.477004,-71.912384
18.471,-72.27
18.60278,-72.26535
18.513181,-72.355056
18.2385,-72.5345
18.557048,-72.29815
18.539384,-72.417498
18.53416,-72.32425
18.544833,-72.342889
18.63351,-72.26933
18.536344,-72.337358
18.54874,-72.30562
18.73788,-72.419491
18.562975,-72.291404
18.5503,-72.3042
18.53247,-72.40675
18.544552,-72.387949
18.55987,-72.3089
18.43264,-72.86537
18.542774,-72.421061
18.559876,-72.294374
18.539557,-72.316806
18.5364,-72.2456
19.931828,-72.826443
18.532117,-72.33532
18.55287,-72.33259
18.55287,-72.33259
19.26252,-72.51748
18.54039,-72.41749
18.54729,-72.30089
18.5484,-72.3302
18.5502,-72.3045
18.547894,-72.305403
19.44609,-72.69264
18.51029,-72.63239
18.46787,-72.27093
18.53181,-72.355056
18.55407,-72.32637
18.531045,-72.350009
18.6056,-72.2824
18.5235,-72.3672
18.577499,-72.229874
18.54417,-72.30811
18.533256,-72.358094
18.2803,-73.96555
18.577499,-72.229874
18.59666,-72.27765
18.539459,-72.321752
18.5653,-72.2877
18.51625,-72.27737
18.572934,-72.286972
18.511127,-72.63341
18.6003,-72.26874
18.877722,-72.40507
19.762,-72.203
18.6286,-72.2731
18.5087,-72.5091
18.548779,-72.312055
18.5278,-72.2747
18.53992,-72.297556
18.19395,-73.74736
18.54268,-72.5229
18.587409,-72.26816
18.5302,-72.2883
18.525353,-72.319565
18.5078,-72.2293
18.5393,-72.4272
19.807,-73.376
18.521,-72.4068
18.5833,-72.2665
18.5385,-72.5304
18.55192,-72.30338
18.5618,-72.252
18.510866,-72.616882
19.77048,-73.22418
18.51028,-72.63237
18.6833,-72.0167
18.53988,-72.40008
18.54003,-72.31753
18.32553,-73.86533
18.4457,-72.2722
18.54209,-72.32141
18.54326,-72.30057
18.544059,-72.322565
19.5945,-72.4789
18.54239,-72.42118
18.621288,-72.253172
18.522663,-72.28754
18.5653,-72.2877
18.5583,-72.3054
18.52372,-72.25841
18.5256,-72.34075
18.555584,-72.31859
18.5259,-72.2852
18.529598,-72.408061
18.6794,-72.3175
18.5761,-72.2622
18.5108,-72.6337
18.51031,-72.6324
18.52698,-72.37859
18.55144,-72.31565
18.4514,-72.2883
18.559451,-72.295522
18.55559,-72.32608
18.5,-72.3141
18.53071,-72.36515
18.448135,-72.647252
18.7505,-72.439
18.53468,-72.29087
18.5713,-72.2983
18.5496,-72.3329
18.604,-72.2629
18.5644,-72.2554
18.53757,-72.34355
18.5428,-72.3054
18.55536,-72.30624
18.56372,-72.29128
18.5275,-72.2823
18.55447,-72.31768
19.4368,-72.6828
18.55668,-72.32484
18.52764,-72.3576
18.549,-72.3047
18.54895,-72.40232
19.24566,-72.7744
18.540733,-72.322397
19.262906,-72.516932
18.62664,-72.2706
18.51062,-72.27932
18.509849,-72.280303
18.7978,-72.8792
19.261179,-72.515074
18.57031,-72.28596
18.5102,-72.61933
18.5221,-72.2601
18.4195,-72.7734
18.552024,-72.311612
18.53976,-72.42924
18.594421,-72.307679
18.56021,-72.33632
18.564,-72.31984
18.5808,-72.334
18.2355,-72.5225
18.5322,-72.3418
18.54124,-72.3173
18.27175,-72.66687
18.27441,-72.64997
18.57038,-72.2975
18.5347,-72.3216
18.54599,-72.39804
18.529231,-72.327566
18.542331,-72.335562
18.4944,-72.5863
18.5062,-72.6421
18.60582,-72.2807
18.540345,-72.417469
18.530465,-72.39839
18.530465,-72.39839
18.6668,-71.9168
18.58032,-72.31239
18.58032,-72.31239
18.6257,-72.2709
18.53668,-72.39609
18.5404,-72.41746
18.53309,-72.404348
18.54233,-72.52278
18.562863,-72.252904
18.5292,-72.4081
18.5174,-72.237
18.5959,-72.2847
18.4282,-72.768
19.1021,-72.6996
18.59578,-72.28455
18.5103,-72.63236
18.53084,-72.33971
18.53976,-72.42924
18.539167,-72.335
18.52696,-72.37407
18.51869,-72.23711
18.55599,-72.31286
19.7792,-73.34613
18.5409,-72.4173
18.55727,-72.3287
18.5128,-72.2822
18.6257,-72.2709
18.5667,-72.2646
18.20924,-73.8852
18.5382,-72.5294
18.5299,-72.2871
18.531028,-72.367426
18.58142,-72.32728
18.532235,-72.390941
18.5345,-72.3175
19.283,-72.5
18.579413,-72.30514
18.56569,-72.28976
18.54381,-72.41665
18.7701,-72.5119
18.84971,-73.06414
18.826367,-73.019943
18.58494,-72.24139
18.51086,-72.633119
18.52791,-72.34007
18.55,-72.3333
18.539167,-72.340332
18.550355,-72.312307
18.539411,-72.340261
18.55716,-72.329429
18.544893,-72.338336
18.498642,-72.539324
18.530988,-72.386198
18.56242,-72.25588
18.528433,-72.34955
18.52779,-72.37825
18.23861,-72.52608
18.56499,-72.31918
18.470203,-72.293375
18.57038,-72.29755
18.62857,-72.2738
18.54599,-72.39804
18.53469,-72.29088
18.548103,-72.347692
18.51966,-72.30097
18.19196,-73.74861
18.56031,-72.30497
18.5344,-72.6017
18.543154,-72.338951
18.52554,-72.34009
18.19877,-73.75553
18.538063,-72.289748
18.53018,-72.37519
18.60278,-72.26535
18.535909,-72.327834
18.516538,-72.277585
18.53196,-72.55674
18.7343,-72.4182
18.56425,-72.2562
18.51019,-72.63234
18.4327,-72.86534
18.55622,-72.32958
18.55627,-72.32547
18.55006,-72.3362
18.554221,-72.350196
18.59692,-72.25838
18.50987,-72.63191
18.53088,-72.33968
18.429301,-72.771702
18.53934,-72.41787
18.577562,-72.278823
18.54502,-72.41014
18.539309,-72.597026
18.54238,-72.42119
19.2485,-72.665
18.53865,-72.3295
18.52791,-72.34007
18.543639,-72.41058
18.53323,-72.38236
18.543639,-72.41058
18.54287,-72.39407
18.429444,-69.668889
18.5125,-72.285278
18.5125,-72.285278
18.53,-72.3488
18.5557,-72.3261
18.53479,-72.2908
18.5427,-72.523
18.577562,-72.278823
18.53976,-72.42924
18.5147,-72.4114
18.55164,-72.3036
18.6262,-72.2703
18.545912,-72.397905
18.5226,-72.2821
18.55432,-72.31317
18.537363,-72.40714
18.54131,-72.31936
18.52972,-72.27406
18.541869,-72.289178
18.53745,-72.34465
18.543974,-72.44974
18.5269,-72.3877
18.603425,-72.265653
18.549799,-72.41705
18.544617,-72.302417
18.531476,-72.351846
18.564659,-72.249188
18.522547,-72.283544
18.5428,-72.4039
18.544833,-72.342889
18.54718,-72.30171
19.109062,-72.699052
18.53333,-72.40149
18.5452,-72.4069
18.5545,-72.3379
18.53954,-72.318301
18.4572,-72.6335
19.6002,-72.4734
18.5254,-72.27206
18.539434,-72.341261
18.5142,-72.2713
18.546572,-72.308171
18.535,-72.3381
18.5398,-72.5278
18.5403,-72.4174
18.56224,-72.30065
18.6047,-72.263
18.540345,-72.417431
18.5305,-72.3752
18.54389,-72.31458
18.535851,-72.317333
18.585087,-72.301722
18.535525,-72.317162
18.529767,-72.33789
18.51028,-72.63239
18.5543,-72.3131
18.539495,-72.340252
18.8342,-72.9355
18.5292,-72.4071
18.518,-72.6443
18.5343,-72.5166
18.5474,-72.3056
19.6515,-72.0205
18.52169,-72.34577
18.540815,-72.408142
18.5452,-72.4069
19.6002,-72.4734
19.85554,-73.19163
19.450121,-72.688881
18.55542,-72.32155
18.55481,-72.31295
18.55164,-72.40941
18.569,-72.2878
18.5267,-72.3469
18.5675,-72.244066
18.5324,-72.35159
18.60272,-72.26538
18.5142,-72.2713
18.5647,-72.2892
18.5226,-72.2821
18.54777,-72.30748
18.6102,-72.2614
18.595562,-72.286008
18.54746,-72.41001
18.5227,-72.282
19.615,-72.20192
18.53329,-72.38224
18.51599,-72.64354
18.51305,-72.28616
18.545855,-72.410072
18.6258,-72.26998
18.528162,-72.28764
18.531341,-72.336114
18.5358,-72.29017
18.5358,-72.29017
18.549067,-72.302683
18.5406,-72.42155
19.4562,-72.689
18.529553,-72.290343
18.5313,-72.3796
18.544389,-72.416961
18.555909,-72.311196
18.529128,-72.339675
18.529986,-72.324364
18.5829,-72.2414
18.50436,-72.62822
18.53087,-72.4096
18.55575,-72.32595
18.53383,-72.4091
18.537933,-72.60979
18.559061,-72.309142
18.5404,-72.4175
18.56398,-72.31989
18.55617,-72.32552
18.562678,-72.320744
19.26242,-72.51739
18.54149,-72.33233
18.541481,-72.332342
18.539167,-72.335
18.53147,-72.32928
18.535055,-72.290425
19.07016,-72.3568
19.1234,-72.4777
18.530742,-72.293026
18.51028,-72.63234
18.53188,-72.29683
18.57738,-72.22954
18.5808,-72.2312
19.44561,-72.68797
18.6067,-72.1603
18.5346,-72.2908
18.545376,-72.307159
18.57689,-72.22879
18.6067,-72.1603
18.5327,-72.3559
18.609,-72.2823
18.525215,-72.342015
18.512289,-72.2814
18.5517,-72.3032
18.5562,-72.329
18.583397,-72.283395
18.510373,-72.276065
19.762675,-72.206296
18.5293,-72.2952
18.48966,-71.85011
18.519,-72.2894
18.8342,-72.9355
18.56211,-72.25231
18.53006,-72.291254
18.5692,-72.3189
18.539449,-72.340356
18.54133,-72.417
18.56217,-72.30069
18.530469,-72.354278
18.52837,-72.37482
18.73424,-72.41811
18.56732,-72.29328
18.60148,-72.285819
18.5404,-72.4175
18.564659,-72.249188
18.510309,-72.276066
18.5767,-72.2933
18.5297,-72.2918
18.57995,-72.23082
18.54333,-72.330964
18.53976,-72.42924
19.4461,-72.6884
18.595302,-72.285436
18.574603,-72.225291
18.529687,-72.375479
18.58132,-72.230488
18.5808,-72.2312
18.54,-72.4316
18.57738,-72.22954
18.4989,-72.5916
18.5109,-72.6231
19.106935,-72.700687
18.532227,-72.357763
18.57641,-72.23456
19.69633,-73.34028
18.57641,-72.23456
18.834369,-72.104333
18.539385,-72.295421
18.527,-72.3741
18.54332,-72.40399
18.531865,-72.322513
18.5461,-72.3355
18.5614,-72.301
18.447,-72.0538
18.545059,-72.302292
18.576329,-72.276609
18.5552,-72.3102
18.5808,-72.2312
18.6441,-72.276
18.51283,-72.63461
18.539892,-72.395914
18.5267,-72.2826
18.834369,-72.104333
18.721667,-72.378611
18.5461,-72.3355
18.52789,-72.32341
18.523,-72.5021
18.529002,-72.340308
18.540556,-72.319722
18.2355,-72.5355
18.522547,-72.283544
18.53778,-72.29551
18.55481,-72.3129
18.535456,-72.406543
18.53751,-72.39731
18.557,-72.32869
18.54543,-72.33583
18.558,-72.3304
18.525312,-72.375189
18.555622,-72.329161
18.55752,-72.32875
18.54594,-72.318325
18.536827,-72.397585
18.521635,-72.338793
18.496408,-72.300168
18.2346,-72.5331
18.53471,-72.29088
18.5314,-72.3811
18.529315,-72.403636
18.54594,-72.318325
18.531301,-72.358626
18.53028,-72.34218
18.517513,-72.23633
18.57949,-72.31264
18.531215,-72.386991
18.508587,-72.27927
19.1024,-72.713
18.51092,-72.633969
18.523438,-72.349202
18.23885,-72.53204
18.592336,-72.24966
18.5162,-72.282717
18.5403,-72.3961
18.536486,-72.407196
18.65258,-72.09383
18.598,-72.285
18.5518,-72.3032
18.5518,-72.3032
18.5872,-72.2239
18.53954,-72.40456
18.539222,-72.396376
18.5267,-72.2826
18.52429,-72.34731
18.553002,-72.322558
18.53976,-72.42924
18.54543,-72.33583
18.46962,-72.29472
18.522547,-72.283544
18.493917,-72.587435
18.53887,-72.39585
18.518181,-72.315757
18.649229,-72.132985
18.54,-72.4132
18.394495,-72.754456
18.532199,-72.330318
18.547637,-72.299137
18.235079,-72.536412
18.534356,-72.301899
18.47021,-72.29375
18.54997,-72.33617
18.23755,-72.53386
18.54109,-72.34012
18.533057,-72.404361
18.4283,-72.8503
18.529967,-72.343623
18.521953,-72.622614
19.44555,-72.68831
18.580623,-72.328659
18.57301,-72.330809
18.551031,-72.413938
18.551167,-72.311606
18.542916,-72.33887
18.41878,-72.94245
18.560243,-72.29367
18.593444,-72.276979
18.54731,-72.30096
18.43262,-72.86534
18.5883,-72.2698
18.510833,-72.633889
18.5306,-72.34958
18.4327,-72.86539
18.544758,-72.298254
18.543683,-72.316503
18.450564,-72.287131
18.558758,-72.307942
18.555293,-72.337831
18.554394,-72.322153
18.557186,-72.314195
18.534643,-72.291018
18.539513,-72.282551
18.52419,-72.3483
18.56033,-72.30155
18.56574,-72.28983
18.545456,-72.307096
18.535037,-72.290554
18.42677,-72.76826
18.270504,-72.668076
18.831667,-72.864167
18.60423,-72.27276
18.555777,-72.308638
18.50072,-72.28344
18.37743,-72.93156
18.537933,-72.60979
18.554331,-72.322028
18.551031,-72.413938
18.534711,-72.290795
18.53416,-72.32425
19.616651,-72.21666
18.554689,-72.332397
18.555003,-72.322219
18.52855,-72.33128
18.539808,-72.318553
18.510833,-72.633889
18.514611,-72.618839
18.539874,-72.317493
18.52915,-72.32173
18.510833,-72.633889
18.55178,-72.30976
18.514539,-72.271998
18.26492,-72.77397
18.56378,-72.29131
18.23812,-72.53183
18.19732,-73.74246
18.552899,-72.324929
18.53964,-72.40552
18.53298,-72.33229
18.60419,-72.2814
18.52048,-72.18804
18.53137,-72.37274
18.54305,-72.3169
18.43085,-72.8668
18.57053,-72.285834
18.53601,-72.40655
18.29979,-73.654995
18.562462,-72.282672
18.57594,-72.2951
18.316433,-73.865578
18.470259,-72.293709
18.53093,-72.40593
18.5293,-72.34125
19.938622,-72.829883
18.529598,-72.408061
18.56252,-72.31108
18.5713,-72.2983
19.663509,-73.210157
18.28135,-72.61222
18.5408,-72.3001
18.238072,-72.53405
18.53901,-72.59617
19.805163,-73.374713
18.5501,-72.3363
18.196511,-73.744331
19.10275,-72.69711
18.532698,-72.355038
18.55921,-72.2957
18.54097,-72.39625
18.1965,-73.7444
18.55045,-72.23319
18.09933,-73.69392
18.7343,-72.4182
18.5431,-72.3168
18.53602,-72.40647
18.61059,-72.27075
18.44328,-73.08766
18.550727,-72.242741
19.938496,-72.828369
18.542,-72.33291
18.56192,-72.25202
19.615739,-72.212744
18.53707,-72.348992
18.53834,-72.32277
18.560629,-72.309726
18.4807,-72.312035
18.5682,-72.29649
19.074215,-72.491205
18.449416,-72.287287
18.956106,-72.722939
18.527939,-72.402745
18.452133,-72.286777
18.349312,-73.545914
18.56808,-72.28384
18.54165,-72.4033
18.53153,-72.36611
18.23145,-72.39666
18.73707,-72.418188
18.53835,-72.32274
18.528034,-72.402084
18.5103,-72.6324
18.5269,-72.26628
18.62566,-72.27088
18.231365,-72.396553
18.8285,-73.0147
18.5309,-72.3429
18.1944,-73.749
18.37743,-72.93157
18.625752,-72.270471
18.510833,-72.633889
19.16623,-72.5993
19.448464,-72.689667
18.54588,-72.33126
18.38417,-73.41395
18.472083,-72.246113
18.836984,-72.865862
18.50987,-72.63044
18.47168,-72.27059
18.53608,-72.28828
18.32457,-73.86614
18.54838,-72.31471
18.55327,-72.30841
18.81409,-72.19983
18.521635,-72.338793
18.577562,-72.278823
18.5326,-72.3181
18.543577,-72.410493
18.578128,-72.336592
18.5482,-72.30606
18.52426,-72.34826
18.52279,-72.281629
18.53201,-72.37333
18.56839,-72.28351
19.0478,-72.5705
18.57053,-72.285834
18.238072,-72.53405
18.53242,-72.39397
18.56426,-72.27894
18.513877,-72.282658
18.53869,-72.31891
18.53263,-72.33504
18.5178,-72.59139
18.62588,-72.27052
18.527071,-72.377277
19.11376,-72.69875
18.54517,-72.32738
19.93976,-72.83046
18.55433,-72.31311
18.62708,-72.27203
18.43041,-72.8591
18.55539,-72.30229
18.4836,-72.2566
18.541502,-72.332342
18.37597,-73.22649
18.37597,-73.22649
18.2792,-73.3949
18.44474,-73.0885
18.542163,-72.314175
18.52419,-72.34827
19.93983,-72.83067
18.54852,-72.40994
18.45656,-72.633512
18.5281,-72.3277
18.62582,-72.27032
18.62129,-72.25316
18.48122,-72.59009
18.52259,-72.34129
18.568399,-72.330627
18.53153,-72.36611
18.56162,-72.2523
18.54856,-72.30424
18.54264,-72.42131
18.833333,-72.105278
18.62572,-72.27088
18.4466,-72.6743
18.5337,-72.40428
18.51095,-72.63324
18.55416,-72.31272
18.534304,-72.415009
18.54786,-72.40992
18.54786,-72.40992
18.4488,-72.68013
18.60608,-72.27408
18.530458,-72.338787
18.543824,-72.406834
18.54278,-72.29811
18.54278,-72.29811
18.531309,-72.405447
18.53764,-72.39325
18.7807,-72.8709
18.542189,-72.403181
19.259456,-72.517319
18.55279,-72.32283
18.5294,-72.38425
18.57281,-72.2815
18.56889,-72.25562
18.542638,-72.393835
18.52854,-72.33146
18.530487,-72.369355
18.53708,-72.53301
18.20818,-73.05759
18.628027,-72.268753
18.60728,-72.28511
18.55308,-72.322385
18.512838,-72.623987
18.544478,-72.414241
18.56275,-72.28915
18.56018,-72.26117
18.55518,-72.3181
19.4461,-72.6884
19.609814,-72.209392
18.51083,-72.63389
18.55042,-72.3294
19.261271,-72.517695
19.44606,-72.68825
18.52941,-72.33058
18.83452,-72.86469
18.5713,-72.29827
18.54283,-72.29807
18.53663,-72.39298
18.53163,-72.35727
18.512591,-72.624264
18.541797,-72.336227
18.5103,-72.63229
18.4523,-72.5409
18.564636,-72.25206
18.771489,-72.50247
19.873772,-73.00732
18.529598,-72.408061
18.5103,-72.63239
18.53981,-72.43309
18.64653,-72.093658
18.580847,-72.231846
18.53921,-72.32879
18.54509,-72.41019
18.50381,-72.63089
18.54907,-72.308399
18.534991,-72.407134
18.605476,-72.282643
18.2282,-71.8343
18.555847,-72.319362
18.52955,-72.38456
18.52288,-72.28164
18.5554,-72.3023
18.23457,-72.53468
18.53306,-72.41551
18.5479,-72.3302
18.233264,-72.526245
18.543419,-73.800659
18.529598,-72.408061
18.5066,-72.62177
18.534167,-72.388763
18.581233,-72.230457
18.53251,-72.336623
18.8173,-72.87134
18.56861,-72.293901
18.57393,-72.29871
18.62125,-72.25319
18.40413,-72.627439
18.54303,-72.51931
18.54117,-72.41625
18.552,-72.2024
18.529839,-72.372578
18.233333,-72.433333
18.53834,-72.32264
19.44646,-72.68823
18.5346,-72.40422
18.540914,-72.298079
18.52838,-72.32896
18.5642,-72.2995
18.561111,-72.318333
18.555879,-72.322103
18.554038,-72.301326
18.5431,-72.31683
18.53581,-72.4065
18.54417,-72.410315
18.5947,-72.2527
19.63346,-73.05471
18.5933,-72.2654
19.869064,-73.196249
18.60564,-72.28269
18.448347,-72.286263
18.566853,-72.301025
18.52916,-72.33545
18.56674,-72.28569
19.44616,-72.68821
18.5058,-72.2577
18.78021,-72.87081
18.544354,-72.324766
18.60511,-72.28197
18.512168,-72.624264
18.55304,-72.30234
18.54417,-72.41032
18.536619,-72.313566
18.58159,-72.2478
18.60414,-72.27745
19.45,-72.6904
19.44616,-72.68821
18.53886,-72.39643
18.5103,-72.2871
18.51029,-72.28705
18.57369,-72.293
18.5402,-72.41545
18.53472,-72.29085
18.566853,-72.301025
18.60564,-72.28269
18.44399,-73.08817
18.53945,-72.39865
18.53945,-72.39865
18.78021,-72.87081
18.5933,-72.2654
19.44616,-72.68821
18.5439,-72.4166
18.5389,-72.43035
18.83498,-72.10461
19.26242,-72.51739
18.6056,-72.2824
18.57369,-72.293
18.8352,-72.09224
18.534142,-72.314963
18.56591,-72.2506
18.5404,-72.4175
18.530111,-72.341068
18.54888,-72.41006
18.51622,-72.10808
18.4958,-72.58474
18.49431,-72.58626
18.53212,-72.33671
18.54382,-72.31956
18.50722,-71.97731
18.52444,-72.33755
18.519818,-72.281799
18.53108,-72.36805
18.5389,-72.43035
18.51821,-72.28701
18.54248,-72.52227
18.505657,-72.291412
18.65211,-72.09377
18.54998,-72.41645
18.56384,-72.25653
18.52897,-72.37207
18.6261,-72.27099
18.54248,-72.52227
18.54396,-72.39489
18.53945,-72.39865
18.52145,-72.41202
18.52444,-72.33755
18.529915,-72.360713
18.83498,-72.10461
18.51031,-72.28707
18.55241,-72.3325
18.5523,-72.3326
18.550755,-72.336958
18.51222,-72.28029
18.5957,-72.2846
18.23314,-72.53753
18.52699,-72.37408
18.53165,-72.35489
18.5374,-72.40335
18.53408,-72.31499
18.44399,-73.08817
18.53178,-72.37955
18.5292,-72.4071
18.3667,-72.55
18.48358,-72.25651
18.60518,-72.27462
18.5222,-72.58605
18.57547,-72.23393
19.450121,-72.688881
18.197,-73.74849
18.55602,-72.29934
18.538158,-72.406849
18.56093,-72.3013
18.54999,-72.3362
18.53015,-72.35252
18.5059,-72.62791
18.861198,-73.051529
18.861198,-73.051529
18.55377,-72.287
18.51042,-72.63073
18.510322,-72.287002
18.5212,-72.188
18.5477,-72.3059
18.53745,-72.34465
18.545,-72.29402
18.53804,-72.29394
18.50997,-72.286906
18.52753,-72.34673
18.49094,-72.587289
18.52538,-72.33168
18.5212,-72.188
18.55723,-72.29676
18.531456,-72.337935
18.53472,-72.29085
18.23491,-72.52707
18.5439,-72.4166
18.257556,-72.562637
18.547731,-72.320166
18.51234,-72.28029
18.29974,-73.65355
18.508261,-72.633362
18.57765,-72.22953
18.4943,-72.58646
18.53979,-72.39737
18.53849,-72.39806
18.54782,-72.31284
20.01946,-72.67121
18.51034,-72.63229
18.59327,-72.25302
18.52426,-72.34824
19.295,-72.64478
18.542117,-72.291412
18.47888,-72.5525
18.546,-72.326
18.32306,-73.15569
18.57722,-72.22964
19.14024,-72.01255
18.5274,-72.357
18.5334,-72.33416
18.53312,-72.39719
18.51247,-72.28406
18.451983,-72.635278
18.35874,-73.24104
18.544558,-72.414536
18.54518,-72.30263
18.436296,-72.852702
18.522585,-72.610703
18.60065,-72.2581
18.5883,-72.2038
18.431492,-72.860513
19.101053,-72.699966
18.52928,-72.60707
18.59627,-72.28661
18.41508,-72.51691
18.5952,-72.26863
18.231308,-72.499466
18.617209,-72.270212
18.432876,-72.86047
18.58816,-72.2037
18.60565,-72.2824
18.53324,-72.39731
18.548749,-72.409601
18.54613,-72.41046
19.44582,-72.68823
19.1231,-72.477
18.53331,-72.39644
18.52738,-72.35696
18.57738,-72.22943
18.51272,-72.28846
18.3588,-73.2411
18.49226,-72.6566
18.43268,-72.86537
18.5536,-72.322
19.6079,-72.2148
19.939142,-72.829056
18.184997,-73.745728
18.52932,-72.36434
18.19335,-73.74949
18.5242,-72.3483
18.51194,-72.624607
18.4345,-72.86258
18.58566,-72.24122
18.645,-74.1134
18.525396,-72.335135
18.433519,-72.861649
18.5414,-72.41072
18.5427,-72.523
18.54399,-72.41034
18.51362,-72.63522
18.2355,-72.534
18.2987,-72.5324
18.516075,-72.623062
18.52384,-72.25842
18.55221,-72.33269
18.62533,-72.27444
18.60527,-72.28214
18.5804,-72.2305
18.6027,-72.2654
18.43636,-72.8611
18.53082,-72.36666
18.53284,-72.39732
18.533735,-72.358875
18.55873,-72.32053
18.52127,-72.34643
18.42894,-72.86132
18.5682,-72.2933
18.55197,-72.30334
18.56209,-72.25521
18.55735,-72.2999
18.55478,-72.30155
18.53976,-72.52784
18.52423,-72.25172
18.5427,-72.523
18.547406,-72.409601
18.55932,-72.29589
18.53829,-72.30153
18.59329,-72.27768
18.59316,-72.2672
18.53305,-72.24283
18.238072,-72.53405
18.31024,-72.50791
18.231814,-72.494348
18.3121,-72.5095
18.53635,-72.33738
18.53433,-72.29138
18.54379,-72.39518
18.1849,-72.7517
19.46471,-72.69118
18.5938,-72.3103
18.36346,-72.14434
18.54831,-72.30563
18.50979,-72.28313
18.56132,-72.2477
18.5399,-72.336
18.544,-72.3228
18.53992,-72.24075
18.50854,-72.63141
18.52751,-72.37137
18.54377,-72.34442
18.53166,-72.33849
18.612736,-72.258797
18.53155,-72.41529
18.83512,-72.10451
18.54817,-72.28713
18.516075,-72.634735
18.4448,-73.0886
18.55033,-72.30408
19.10196,-72.69954
18.57453,-72.30277
18.333362,-72.47255
18.5316,-72.3524
18.71076,-72.15694
18.9093,-72.334
18.527,-72.3741
18.500447,-72.634048
19.44814,-72.69629
19.116624,-72.483673
18.54385,-72.31845
18.37786,-73.08741
18.430108,-73.078308
18.64502,-74.11341
18.629329,-72.24884
18.52306,-72.25759
18.49334,-72.5866
18.57746,-72.22951
18.53236,-72.36544
18.582555,-72.247124
18.519,-72.2894
18.56059,-72.30971
18.4202,-72.64059
18.84971,-73.06414
18.65004,-74.307427
18.499124,-72.540309
18.5527,-72.3326
18.59248,-72.26521
18.53657,-72.39274
18.54871,-72.3057
18.53881,-72.41082
18.56172,-72.25217
18.56164,-72.25247
18.529128,-72.339675
18.54908,-72.4095
18.5419,-72.40596
19.44582,-72.68823
18.54011,-72.28632
19.10194,-72.69934
18.53496,-72.31917
18.3662,-72.6551
19.44655,-72.69475
18.3662,-72.6551
18.8,-72.5333
18.562459,-72.346601
18.51263,-72.63389
18.581233,-72.230457
18.548586,-72.320766
18.27063,-72.665291
18.53154,-72.41534
18.5514,-72.3213
18.61868,-72.24838
18.57885,-72.33039
18.57769,-72.33607
18.5317,-72.36432
18.53602,-72.34253
18.53222,-72.3417
18.543907,-72.305317
18.23676,-72.52933
18.5394,-72.435
18.53078,-72.36058
19.450002,-72.688937
18.54414,-72.30815
18.55856,-72.32157
18.55187,-72.30431
18.583575,-72.230713
18.54824,-72.29934
18.49771,-72.31992
18.55474,-72.30147
18.237873,-72.53837
18.54041,-72.43906
18.6056,-72.2824
18.43139,-72.86694
18.53124,-72.41083
18.53124,-72.41083
18.43272,-72.8654
18.55856,-72.32157
18.23676,-72.52933
18.54036,-72.39851
18.51607,-72.28848
18.56123,-72.33272
18.55225,-72.33293
18.55225,-72.33293
18.55225,-72.33293
18.53998,-72.32155
18.5422,-72.33719
18.53498,-72.38956
18.578173,-72.2286
18.58,-72.2925
18.5092,-72.2917
19.1021,-72.6996
18.54059,-72.407032
18.50236,-72.29868
18.52407,-72.3484
18.52405,-72.3484
18.54249,-72.29966
18.53522,-72.33293
18.54368,-72.41357
18.51386,-72.28965
18.581233,-72.230457
18.9208,-71.8613
18.5464,-72.3047
18.59444,-72.29187
19.108931,-72.697548
18.5464,-72.3047
18.54407,-72.283173
18.643643,-72.097778
18.53789,-72.596136
18.2352,-72.5374
18.5428,-72.41313
18.532468,-72.343074
18.531,-72.363
18.531,-72.363
18.6257,-72.2709
18.45,-72.35
18.5352,-72.3199
18.5583,-72.3054
18.53034,-72.38076
18.500447,-72.634048
18.59966,-72.25431
18.60273,-72.26539
18.53121,-72.364608
18.53138,-72.364608
18.5464,-72.3047
18.549328,-72.30752
18.5992,-72.2961
18.4339,-72.5911
18.2773,-73.1257
18.36546,-72.65622
19.5981,-72.4704
18.51704,-72.29046
19.60869,-72.21272
18.58945,-72.30803
18.51525,-72.60668
18.51031,-72.63239
18.538282,-72.529356
18.4828,-73.6388
18.53344,-72.39916
18.2355,-72.53406
18.53236,-72.2864
18.53789,-72.596136
18.513552,-72.285748
18.55628,-72.31904
18.54299,-72.40244
18.8303,-72.5583
18.27032,-72.66788
18.28074,-72.22209
19.450121,-72.688881
18.52985,-72.37258
18.511582,-72.283173
18.56495,-72.28894
18.538282,-72.529356
18.54635,-72.3145
18.54356,-72.28182
18.54961,-72.33289
19.434,-72.6977
18.564038,-72.3198
18.56423,-72.29957
18.49929,-72.32244
18.55549,-72.33122
18.54086,-72.39847
18.52359,-72.34978
18.55128,-72.40987
18.5513,-72.3217
18.6044,-72.2217
19.451701,-72.684174
18.57928,-72.26991
18.52755,-72.36599
18.482214,-72.313385
18.55483,-72.3316
18.49825,-72.31921
18.58632,-72.2811
18.45,-72.35
18.55596,-72.31926
18.53468,-72.29093
18.53958,-72.32026
18.55663,-72.31057
19.4368,-72.6828
18.59465,-72.25266
19.44606,-72.68834
19.75997,-72.19926
18.5274,-72.357
18.52852,-72.29864
18.5427,-72.52289
18.38182,-72.4148
18.56323,-72.29044
18.56828,-72.28339
18.5947,-72.2527
18.52859,-72.36108
18.57598,-72.26233
19.539084,-72.364883
19.60847,-72.21276
18.26237,-73.54608
18.54531,-72.40229
19.93996,-72.83077
18.34382,-73.77771
18.57734,-72.22949
18.57903,-72.27053
18.5618,-72.25194
18.59849,-72.31325
18.53056,-72.38423
18.5328,-72.4046
19.42247,-72.607714
18.53447,-72.29118
18.54668,-72.33665
18.51112,-72.63342
18.54292,-72.34054
18.54367,-72.31641
18.568,-72.2954
18.3662,-72.655
18.52659,-72.37687
18.2939,-73.3639
18.543633,-72.300661
18.58531,-72.27365
18.54521,-72.29403
18.5651,-72.2973
18.5427,-72.523
18.538211,-72.321625
18.53698,-72.27049
18.53643,-72.33611
18.53251,-72.31594
18.5759,-72.3315
18.73294,-72.41861
18.62593,-72.27008
18.2,-73.75
18.578,-72.22875
18.55563,-72.31793
18.59842,-72.31352
18.50581,-72.316815
18.238072,-72.53405
18.5753,-72.2675
18.56486,-72.29908
18.577267,-72.232361
19.7669,-72.2081
18.5512,-72.30988
18.55699,-72.33114
18.5555,-72.318
18.55414,-72.29692
18.51029,-72.2871
18.51741,-72.23689
18.51,-72.632
18.5104,-72.28708
18.51111,-72.63296
18.56445,-72.25544
18.62576,-72.27003
18.625,-72.2709
18.43275,-72.86579
18.51325,-72.63585
18.43005,-72.76979
18.6257,-72.2709
18.53113,-72.35432
18.539513,-72.335358
18.82996,-71.93575
18.542117,-72.291412
18.62511,-72.27094
18.55225,-72.40938
18.52629,-72.34763
18.52557,-72.26093
18.578243,-72.332611
18.4495,-72.2866
18.53389,-72.33
18.56965,-72.30945
19.12235,-72.48103
19.134789,-72.611389
19.35564,-72.62139
19.75724,-72.20269
18.54146,-72.30191
18.54855,-72.28162
18.53876,-72.41193
18.552,-72.303
18.560344,-72.252617
18.53496,-72.31917
18.53496,-72.31917
18.51231,-72.63538
18.57435,-72.26544
18.182247,-73.004265
18.559042,-72.288666
20.01831,-72.66797
18.5446,-72.278
18.5379,-72.39317
18.538282,-72.529356
18.5267,-72.2826
18.59271,-72.26542
18.54116,-72.40693
18.527,-72.37411
18.73424,-72.41828
18.57918,-72.3311
18.55742,-72.29793
18.77004,-72.51178
18.42974,-72.85746
18.54552,-72.30707
18.43005,-72.76979
18.53843,-72.43273
18.5309,-72.3364
18.483516,-72.290039
18.53496,-72.31917
18.6257,-72.270996
18.548993,-72.343469
18.62525,-72.26263
18.51024,-72.29366
18.514772,-72.638855
19.04774,-72.57022
19.10214,-72.69956
18.53511,-72.3322
18.51193,-72.63338
18.5634,-72.25469
18.563392,-72.320145
18.605549,-72.259072
19.94,-72.8308
18.529096,-72.406769
18.51584,-72.28436
18.51901,-72.59903
18.559,-72.32425
18.530404,-72.337969
18.533386,-72.399752
18.592562,-72.253647
18.53419,-72.337935
18.195027,-73.757637
18.54115,-72.43807
18.55576,-72.32613
18.52911,-72.28989
18.5787,-72.22179
18.581535,-72.253627
18.52519,-72.391663
18.526763,-72.330359
18.53956,-72.29357
18.495238,-72.658081
18.528791,-72.333915
18.55703,-72.330837
18.526492,-72.332611
18.53415,-72.29158
18.564,-72.323
18.504354,-72.447968
18.53756,-72.529678
18.530998,-72.353245
18.555849,-72.310915
18.543341,-72.326252
18.618918,-72.215881
18.541265,-72.410389
18.52902,-72.37218
19.10848,-72.69791
18.233859,-72.50402
18.535925,-72.344996
18.62524,-72.26266
18.6492,-72.5003
18.506308,-72.265663
19.8,-73.3833
18.540383,-72.41748
18.54972,-72.31307
18.55803,-72.32057
18.5291,-72.37219
18.658133,-71.980714
18.555544,-72.330228
18.547722,-72.300835
18.616315,-72.268066
18.533701,-72.329627
18.53377,-72.330012
18.1908,-73.75619
18.4828,-73.6388
18.307596,-73.317947
18.514365,-72.6086
18.535911,-72.317053
18.43279,-72.86551
18.423593,-72.861328
18.5341,-72.315
19.435514,-72.68828
18.558618,-72.322254
18.51018,-72.63242
18.54606,-72.3274
18.49698,-72.43863
19.7662,-72.20551
18.414473,-72.913513
18.522585,-72.443848
18.58871,-72.24755
18.38367,-71.84583
18.60211,-72.27459
18.5103,-72.6324
18.5317,-72.163696
18.55998,-72.29395
18.54025,-72.39814
18.5387,-72.3154
18.83463,-72.86487
18.49305,-72.588
18.55407,-72.31397
18.5125,-72.285278
18.533553,-72.398201
19.4461,-72.6884
18.82904,-73.01485
18.56421,-72.2995
18.36286,-72.55517
18.43271,-72.86278
18.54375,-72.31647
18.54479,-72.329966
18.5532,-72.33248
18.569729,-72.304818
18.50519,-73.95126
18.434,-72.8576
18.53671,-72.31664
18.53865,-72.3186
18.5339,-72.3342
18.524457,-72.319736
18.53367,-72.28778
18.32316,-72.22382
19.447817,-72.6828
18.5439,-72.4169
18.51031,-72.28707
18.541265,-72.410389
19.7662,-72.20551
18.59931,-72.28317
18.4327,-72.8654
18.512739,-72.282132
18.538282,-72.529356
18.495238,-72.658081
18.540545,-72.408945
18.54332,-72.40399
18.54437,-72.29567
18.57209,-72.28419
18.5188,-72.5992
18.523255,-72.623987
18.49698,-72.43863
18.7394,-72.914089
18.6521,-72.0938
18.829616,-72.858582
18.59931,-72.28317
19.2955,-72.646
18.544722,-72.302778
19.04698,-72.46668
18.5376,-72.2434
18.58231,-72.24338
18.65969,-72.29134
18.53441,-72.29129
18.53095,-72.41009
18.65226,-72.09381
19.45,-72.683333
18.59509,-72.25258
18.53693,-72.34782
18.5698,-72.2976
18.52952,-72.37242
18.238072,-72.53405
19.108931,-72.697548
18.5376,-72.312
18.79212,-72.92647
18.53496,-72.31917
18.495238,-72.658081
19.126032,-72.482558
18.5946,-72.3251
18.60655,-72.329267
18.511458,-72.286767
18.583125,-72.243347
18.606117,-72.318167
18.55278,-72.32283
18.607433,-72.319667
18.606983,-72.32365
18.603517,-72.3364
18.604067,-72.333083
18.60195,-72.334267
18.60195,-72.334267
18.6014,-72.321641
18.5961,-72.31225
18.595033,-72.323917
18.57789,-72.22194
18.62575,-72.27087
18.539167,-72.335
18.59618,-72.22492
18.59618,-72.22492
18.59707,-72.22019
18.59385,-72.22271
18.60719,-72.2215
18.60741,-72.22827
18.60436,-72.21529
18.60436,-72.21529
18.54839,-72.32635
18.53069,-72.32867
18.6103,-72.3227
18.52955,-72.38726
18.54533,-72.30688
18.383333,-71.85
18.383333,-71.85
18.542103,-72.337011
18.54447,-72.27793
18.52743,-72.19125
19.75903,-72.201462
18.52213,-72.5864
18.52213,-72.5864
18.543175,-72.40737
18.161511,-73.802032
18.582474,-72.306175
18.5775,-72.266693
18.19307,-73.75122
18.43023,-72.867594
18.524052,-72.272562
18.604,-72.2595
