strain_name,lat,long,date
taxid649634,22.25,114.18,2004-09-14
EPI176470,35.3732921,-119.0187125,2009-04-01
EPI176499,35.3732921,-119.0187125,2009-04-16
EPI176504,35.3732921,-119.0187125,2009-04-09
EPI176514,30.267153,-97.7430608,2009-04-14
EPI176515,30.267153,-97.7430608,2009-04-15
EPI176587,23,-102,2009-04-14
EPI176604,23,-102,2009-04-19
EPI176620,35.3732921,-119.0187125,2009-04-09
EPI176634,35.3732921,-119.0187125,2009-04-08
EPI176640,40.7142691,-74.0059729,2009-05-01
EPI177276,-36.85,174.7833333,2009-04-25
EPI177282,35.3732921,-119.0187125,2009-04-09
EPI177283,23,-102,2009-04-14
EPI177285,23,-102,2009-04-14
EPI177288,23,-102,2009-04-02
EPI177290,51.9225,4.479167,2009-04-29
EPI177294,35.3732921,-119.0187125,2009-04-09
EPI177300,30.267153,-97.7430608,2009-04-14
EPI177315,23,-102,2009-04-07
EPI177335,23,-102,2009-04-02
EPI177347,23,-102,2009-04-14
EPI177350,23,-102,2009-04-14
EPI177357,23,-102,2009-04-19
EPI177363,23,-102,2009-04-19
EPI177367,40.2503398,-83.0001841,2009-04-24
EPI177378,40.7142691,-74.0059729,2009-04-01
EPI177385,40.7142691,-74.0059729,2009-04-01
EPI177391,40.7142691,-74.0059729,2009-04-01
EPI177400,40.7142691,-74.0059729,2009-04-01
EPI177408,40.7142691,-74.0059729,2009-04-01
EPI177415,40.7142691,-74.0059729,2009-04-24
EPI177419,40.7142691,-74.0059729,2009-04-24
EPI177424,30.267153,-97.7430608,2009-04-23
EPI177659,-36.85,174.7833333,2009-04-24
EPI177661,-36.85,174.7833333,2009-04-25
EPI177866,52.5,5.75,2009-05-01
EPI177948,56,10,2009-04-29
EPI178280,60,-96,2009-04-24
EPI178281,23,-102,2009-04-14
EPI178282,60,-96,2009-04-24
EPI178353,40.7142691,-74.0059729,2009-04-25
EPI178357,40.7142691,-74.0059729,2009-04-24
EPI178363,30.267153,-97.7430608,2009-04-25
EPI178368,30.267153,-97.7430608,2009-04-24
EPI178375,30.267153,-97.7430608,2009-04-25
EPI178383,35.3732921,-119.0187125,2009-04-25
EPI178391,40.0003166,-86.2502707,2009-04-22
EPI178397,34.5003037,-111.5009764,2009-04-22
EPI178402,44.2502852,-85.500333,2009-04-26
EPI178414,34.0004338,-81.000091,2009-04-26
EPI178419,34.5003037,-111.5009764,2009-04-26
EPI178425,39.1141708,-94.627457,2009-04-24
EPI178428,23,-102,2009-04-19
EPI178432,40.2503398,-83.0001841,2009-04-24
EPI178435,40.7142691,-74.0059729,2009-04-25
EPI178439,40.7142691,-74.0059729,2009-04-25
EPI178442,42.365647,-71.10832214,2009-04-26
EPI178445,42.365647,-71.10832214,2009-04-25
EPI178451,38.8338816,-104.8213634,2009-04-27
EPI178454,39.1141708,-94.627457,2009-04-24
EPI178457,35.3732921,-119.0187125,2009-04-01
EPI178468,40.6333333,-8.65,2009-04-01
EPI178472,-36.85,174.7833333,2009-04-01
EPI178476,31.5,34.75,2009-04-01
EPI178487,30.267153,-97.7430608,2009-04-15
EPI178507,54,-4,2009-04-28
EPI178514,-43.5,171.5,2009-04-29
EPI178942,37,127.5,2009-05-02
EPI178984,40.7142691,-74.0059729,2009-04-27
EPI178998,45.00015043,-62.99865299,2009-05-01
EPI178999,49.25013563,-84.49983432,2009-05-01
EPI179000,49.25013563,-84.49983432,2009-05-01
EPI179001,23,-102,2009-05-01
EPI179002,60,-96,2009-05-01
EPI179003,45.00015043,-62.99865299,2009-05-01
EPI179066,13.75,100.5,2009-05-07
EPI179071,-27.46793573,153.0280924,2009-05-07
EPI179074,13.8333333,-88.9166667,2009-04-26
EPI179080,23,-102,2009-04-02
EPI179083,23,-102,2009-04-02
EPI179087,23,-102,2009-04-13
EPI179089,23,-102,2009-04-15
EPI179092,23,-102,2009-04-14
EPI179094,23,-102,2009-04-14
EPI179098,23,-102,2009-04-17
EPI179100,23,-102,2009-04-20
EPI179102,23,-102,2009-04-20
EPI179104,23,-102,2009-04-20
EPI179109,23,-102,2009-04-20
EPI179110,23,-102,2009-04-20
EPI179111,23,-102,2009-04-20
EPI179113,35.0844909,-106.6511367,2009-04-26
EPI179117,35.3732921,-119.0187125,2009-04-24
EPI179118,39.0003906,-75.4999224,2009-04-28
EPI179121,39.0003906,-75.4999224,2009-04-28
EPI179124,28.7505408,-82.5000976,2009-04-27
EPI179134,39.000388,-76.749969,2009-04-29
EPI179139,41.5002828,-99.7506736,2009-04-27
EPI179144,42.9956397,-71.4547891,2009-04-28
EPI179147,40.1670562,-74.4998748,2009-04-01
EPI179150,40.1670562,-74.4998748,2009-04-01
EPI179154,40.7142691,-74.0059729,2009-04-01
EPI179155,40.7142691,-74.0059729,2009-04-01
EPI179156,40.7142691,-74.0059729,2009-04-25
EPI179158,40.7142691,-74.0059729,2009-04-25
EPI179168,40.7142691,-74.0059729,2009-04-24
EPI179170,40.7142691,-74.0059729,2009-04-01
EPI179171,40.7142691,-74.0059729,2009-04-25
EPI179172,40.7142691,-74.0059729,2009-04-25
EPI179173,40.7142691,-74.0059729,2009-04-25
EPI179174,40.7142691,-74.0059729,2009-04-25
EPI179175,35.5006942,-80.0003243,2009-04-28
EPI179182,35.7503468,-86.250271,2009-04-28
EPI179189,30.267153,-97.7430608,2009-04-26
EPI179195,30.267153,-97.7430608,2009-04-27
EPI179200,36.8529263,-75.977985,2009-04-27
EPI179205,38.8951118,-77.0363658,2009-04-28
EPI179209,44.5002368,-90.0004077,2009-04-27
EPI179215,23,-102,2009-04-14
EPI179219,40.1670562,-74.4998748,2009-04-01
EPI179222,40.7142691,-74.0059729,2009-04-25
EPI179223,35.3732921,-119.0187125,2009-04-22
EPI179224,35.3732921,-119.0187125,2009-04-21
EPI179229,-36.85,174.7833333,2009-04-25
EPI179237,30.5,102.5,2009-05-10
EPI179251,39.0003906,-75.4999224,2009-04-28
EPI179257,13.8333333,-88.9166667,2009-04-27
EPI179262,42.0002654,-93.5004916,2009-04-24
EPI179268,39.1141708,-94.627457,2009-04-24
EPI179279,40.7142691,-74.0059729,2009-04-25
EPI179284,40.7142691,-74.0059729,2009-04-25
EPI179286,40.7142691,-74.0059729,2009-04-25
EPI179291,40.7142691,-74.0059729,2009-04-01
EPI179301,40.7142691,-74.0059729,2009-04-24
EPI179304,40.7142691,-74.0059729,2009-04-24
EPI179305,40.7142691,-74.0059729,2009-04-01
EPI179307,40.7142691,-74.0059729,2009-04-01
EPI179311,35.5006942,-80.0003243,2009-04-28
EPI179320,30.267153,-97.7430608,2009-04-24
EPI179322,30.267153,-97.7430608,2009-04-25
EPI179324,30.267153,-97.7430608,2009-04-26
EPI179327,38.8951118,-77.0363658,2009-04-28
EPI179330,38.8951118,-77.0363658,2009-04-26
EPI179332,38.8951118,-77.0363658,2009-07-02
EPI179364,13.75,100.5,2009-05-04
EPI179379,13.75,100.5,2009-05-05
EPI179384,52.28332893,-117.4690019,2009-07-02
EPI179390,40.8667653,-72.7995456,2009-04-27
EPI179406,42.2506137,-79.3997685,2009-04-27
EPI179422,40.8667653,-72.7995456,2009-05-01
EPI179437,35.7833333,140.3166667,2009-05-08
EPI179489,49,11.5,2009-05-01
EPI179490,53.55,10,2009-05-01
EPI179499,49.5,12,2009-04-29
EPI179509,38.8951118,-77.0363658,2009-04-29
EPI179510,38.8951118,-77.0363658,2009-04-27
EPI179514,32.7504171,-83.5001803,2009-04-27
EPI179530,46.2502448,-94.2505535,2009-04-01
EPI179551,40.7142691,-74.0059729,2009-04-24
EPI179560,35.4675602,-97.5164276,2009-04-29
EPI179561,44.0001313,-120.5013876,2009-04-29
EPI179562,44.0001313,-120.5013876,2009-04-28
EPI179568,30.267153,-97.7430608,2009-04-24
EPI179574,44.5002368,-90.0004077,2009-04-27
EPI179581,-30,-71,2009-05-18
EPI179585,-33.42628385,-70.56655884,2009-05-17
EPI179587,-30,-71,2009-05-18
EPI179593,36.1852778,117.12,2009-05-10
EPI179603,-36.85,174.7833333,2009-04-25
EPI180049,49.015,12.0955556,2009-05-01
EPI180050,53.55,10,2009-05-01
EPI180056,15,100,2009-05-06
EPI180067,35.7503468,-86.250271,2009-05-01
EPI180217,30.5,102.5,2009-05-10
EPI180235,64,26,2009-05-10
EPI180257,39.90749774,116.3972282,2009-05-15
EPI180270,36.1852778,117.12,2009-05-10
EPI180345,59.91324577,10.73892117,2009-05-07
EPI180362,40.7142691,-74.0059729,2009-05-01
EPI180370,40.7142691,-74.0059729,2009-05-01
EPI180378,40.700103,-73.7995781,2009-05-01
EPI180386,40.7142691,-74.0059729,2009-04-28
EPI180394,40.700103,-73.7995781,2009-04-25
EPI180426,40.700103,-73.7995781,2009-05-01
EPI180442,40.700103,-73.7995781,2009-04-28
EPI180450,40.700103,-73.7995781,2009-04-28
EPI180458,40.700103,-73.7995781,2009-04-28
EPI180466,40.700103,-73.7995781,2009-05-01
EPI180490,40.7506561,-73.582905,2009-05-01
EPI180498,40.700103,-73.7995781,2009-05-01
EPI180506,40.700103,-73.7995781,2009-05-01
EPI180514,40.7142691,-74.0059729,2009-04-27
EPI180522,40.700103,-73.7995781,2009-04-27
EPI180530,40.7142691,-74.0059729,2009-05-01
EPI180557,48.85341,2.3488,2009-04-29
EPI180562,48.85341,2.3488,2009-04-30
EPI180568,48.85341,2.3488,2009-04-30
EPI180574,30.267153,-97.7430608,2009-04-09
EPI180575,48.85341,2.3488,2009-05-01
EPI180584,34.5003037,-111.5009764,2009-04-26
EPI180586,34.5003037,-111.5009764,2009-04-26
EPI180589,34.5003037,-111.5009764,2009-04-27
EPI180592,35.3732921,-119.0187125,2009-04-24
EPI180594,38.8338816,-104.8213634,2009-04-27
EPI180596,38.8338816,-104.8213634,2009-04-26
EPI180599,39.0003906,-75.4999224,2009-04-28
EPI180602,44.5001999,-114.2511761,2009-04-28
EPI180605,23,-102,2009-04-03
EPI180607,41.5002828,-99.7506736,2009-04-01
EPI180610,40.7142691,-74.0059729,2009-04-24
EPI180613,40.7142691,-74.0059729,2009-04-01
EPI180615,40.7142691,-74.0059729,2009-04-25
EPI180618,35.4675602,-97.5164276,2009-04-28
EPI180622,34.0004338,-81.000091,2009-04-26
EPI180626,30.267153,-97.7430608,2009-04-14
EPI180629,23.36,116.6783333,2009-05-18
EPI180659,30.2552778,120.1688889,2009-05-23
EPI180667,26.545,117.8427778,2009-05-22
EPI180675,31.2222222,121.4580556,2009-05-23
EPI180683,39.90749774,116.3972282,2009-05-15
EPI180691,39.90749774,116.3972282,2009-05-20
EPI180703,40.700103,-73.7995781,2009-05-01
EPI180714,35.6853569,139.753089,2009-05-17
EPI180715,35.6853569,139.753089,2009-05-17
EPI180716,35.6853569,139.753089,2009-05-01
EPI180717,35.6853569,139.753089,2009-05-16
EPI180718,35.6853569,139.753089,2009-05-16
EPI180719,35.6853569,139.753089,2009-05-16
EPI180720,35.6853569,139.753089,2009-05-17
EPI180723,55.7522222,37.6155556,2009-05-01
EPI180747,59.5,8.6666667,2009-05-08
EPI180755,19.4341667,-99.1386111,2009-04-25
EPI180963,40.700103,-73.7995781,2009-04-26
EPI180971,40.700103,-73.7995781,2009-04-26
EPI180979,40.700103,-73.7995781,2009-04-26
EPI180987,40.700103,-73.7995781,2009-05-02
EPI180995,42.6334091,-75.0162701,2009-04-27
EPI181003,40.700103,-73.7995781,2009-04-28
EPI181011,40.7142691,-74.0059729,2009-04-26
EPI181019,40.7142691,-74.0059729,2009-04-28
EPI181030,40.7142691,-74.0059729,2009-04-30
EPI181038,40.700103,-73.7995781,2009-05-01
EPI181043,40.7142691,-74.0059729,2009-04-30
EPI181057,40.7142691,-74.0059729,2009-05-01
EPI181060,40.700103,-73.7995781,2009-05-01
EPI181068,40.700103,-73.7995781,2009-05-01
EPI181076,40.700103,-73.7995781,2009-05-01
EPI181084,40.700103,-73.7995781,2009-05-01
EPI181092,40.7506561,-73.582905,2009-05-01
EPI181100,40.700103,-73.7995781,2009-05-01
EPI181117,40.700103,-73.7995781,2009-05-01
EPI181125,40.7142691,-74.0059729,2009-04-29
EPI181133,40.7142691,-74.0059729,2009-04-29
EPI181141,40.7142691,-74.0059729,2009-04-29
EPI181143,40.700103,-73.7995781,2009-04-28
EPI181151,40.700103,-73.7995781,2009-04-25
EPI181159,40.700103,-73.7995781,2009-05-01
EPI181167,40.700103,-73.7995781,2009-07-02
EPI181175,39.90749774,116.3972282,2009-07-02
EPI181276,23.36,116.6783333,2009-05-29
EPI181318,30.2552778,120.1688889,2009-05-23
EPI181326,31.2222222,121.4580556,2009-05-23
EPI181334,26.545,117.8427778,2009-05-22
EPI181342,39.90749774,116.3972282,2009-05-15
EPI181350,39.90749774,116.3972282,2009-05-20
EPI181355,59.5,18,2009-05-08
EPI181363,53.48094643,-2.237434387,2009-04-30
EPI181371,51.45,-2.5833333,2009-04-30
EPI181377,22.25,114.1666667,2009-04-30
EPI181669,40.7142691,-74.0059729,2009-04-28
EPI181677,40.7142691,-74.0059729,2009-04-28
EPI181685,40.7142691,-74.0059729,2009-04-29
EPI181693,40.7142691,-74.0059729,2009-04-26
EPI181701,40.7142691,-74.0059729,2009-05-01
EPI181709,40.7142691,-74.0059729,2009-04-28
EPI181717,40.7142691,-74.0059729,2009-04-29
EPI181725,40.700103,-73.7995781,2009-04-28
EPI181733,45.464167,9.189444,2009-05-21
EPI181739,4,-72,2009-05-02
EPI181744,10,-84,2009-04-28
EPI181748,44.0003417,-72.7498308,2009-05-04
EPI181751,34.0004338,-81.000091,2009-04-26
EPI181756,40.0003204,-89.2503681,2009-04-24
EPI181762,41.7503782,-71.4997825,2009-04-28
EPI181766,47.500274,-100.0006798,2009-05-11
EPI181770,38.20041778,-84.87762451,2009-04-30
EPI181774,40.7142691,-74.0059729,2009-04-25
EPI181778,40.7142691,-74.0059729,2009-04-24
EPI181785,44.5002605,-100.2506864,2009-05-05
EPI181788,40.2503398,-83.0001841,2009-05-05
EPI181791,30.267153,-97.7430608,2009-04-29
EPI181794,31.000467,-92.0003987,2009-05-01
EPI181797,31.000467,-92.0003987,2009-04-30
EPI181800,38.2503112,-92.5004614,2009-05-04
EPI181803,38.2503112,-92.5004614,2009-05-01
EPI181806,44.5002368,-90.0004077,2009-05-04
EPI181809,40.7142691,-74.0059729,2009-04-25
EPI181812,40.7142691,-74.0059729,2009-04-25
EPI181815,30.267153,-97.7430608,2009-04-23
EPI181818,40.2503398,-83.0001841,2009-04-30
EPI181820,44.5002605,-100.2506864,2009-04-30
EPI181822,44.5002368,-90.0004077,2009-05-04
EPI181824,40.7142691,-74.0059729,2009-04-25
EPI181827,30.267153,-97.7430608,2009-04-24
EPI181829,30.267153,-97.7430608,2009-04-23
EPI181831,34.5003037,-111.5009764,2009-04-28
EPI181833,39.0003906,-75.4999224,2009-04-28
EPI181835,40.7142691,-74.0059729,2009-04-25
EPI181836,35.3732921,-119.0187125,2009-04-25
EPI181840,38.8951118,-77.0363658,2009-04-27
EPI181841,35.3732921,-119.0187125,2009-04-21
EPI181843,35.3732921,-119.0187125,2009-05-09
EPI181845,39.90749774,116.3972282,2009-05-23
EPI181853,23.36,116.6783333,2009-05-27
EPI181861,-37.81399656,144.9633229,2009-05-21
EPI181863,-37.81399656,144.9633229,2009-05-19
EPI181865,-31.9333333,115.8333333,2009-05-26
EPI181867,-20,134,2009-05-29
EPI181869,13,122,2009-05-20
EPI181871,13,122,2009-05-25
EPI181872,13,122,2009-05-25
EPI181873,13,122,2009-05-23
EPI181878,48.85341,2.3488,2009-05-01
EPI181882,48.85341,2.3488,2009-05-11
EPI182196,23.36,116.6783333,2009-05-27
EPI182204,39.90749774,116.3972282,2009-05-23
EPI182209,40.8667653,-72.7995456,2009-04-29
EPI182217,40.7142691,-74.0059729,2009-04-28
EPI182225,40.7506561,-73.582905,2009-04-28
EPI182233,40.7142691,-74.0059729,2009-04-28
EPI182241,40.8667653,-72.7995456,2009-04-27
EPI182249,40.700103,-73.7995781,2009-04-27
EPI182257,40.700103,-73.7995781,2009-04-26
EPI182271,55.7522222,37.6155556,2009-05-21
EPI182280,-23.5475,-46.63611111,2009-04-29
EPI182282,55.7522222,37.6155556,2009-05-01
EPI182416,23.36,116.6783333,2009-05-29
EPI182422,42.8333333,12.8333333,2009-05-03
EPI182533,31.2222222,121.4580556,2009-05-31
EPI182541,31.2222222,121.4580556,2009-05-31
EPI182549,45.712397,11.357391,2009-06-03
EPI182558,45.522195,11.707702,2009-06-02
EPI182561,-34.9333333,138.6,2009-05-01
EPI182593,31.2222222,121.4580556,2009-05-31
EPI182600,54.5358333,36.2705556,2009-05-22
EPI182603,55.7522222,37.6155556,2009-05-26
EPI182604,55.752222,37.615556,2009-05-26
EPI182674,40.7142691,-74.0059729,2009-05-01
EPI182682,40.7142691,-74.0059729,2009-05-01
EPI182689,40.700103,-73.7995781,2009-04-25
EPI182697,40.700103,-73.7995781,2009-04-24
EPI182705,40.700103,-73.7995781,2009-04-28
EPI182713,40.7506561,-73.582905,2009-04-27
EPI182721,40.700103,-73.7995781,2009-04-28
EPI182729,40.7142691,-74.0059729,2009-04-28
EPI182737,40.700103,-73.7995781,2009-04-28
EPI182745,40.7142691,-74.0059729,2009-05-02
EPI182753,40.700103,-73.7995781,2009-04-26
EPI182761,40.7506561,-73.582905,2009-04-25
EPI182769,40.8667653,-72.7995456,2009-04-30
EPI182777,40.700103,-73.7995781,2009-05-01
EPI182785,40.82731951,-73.92356873,2009-05-01
EPI182793,43.0481221,-76.1474244,2009-05-04
EPI182859,32.0616667,118.7777778,2009-06-15
EPI182860,35.6853569,139.753089,2009-05-18
EPI182863,35.6853569,139.753089,2009-05-21
EPI182865,35.25,136,2009-05-22
EPI182885,35.6853569,139.753089,2009-05-21
EPI182904,23.36,116.6783333,2009-05-18
EPI182905,51.833333,-0.25,2009-05-09
EPI182963,32.0616667,118.7777778,2009-06-18
EPI182977,35.3732921,-119.0187125,2009-04-01
EPI182994,64,26,2009-05-26
EPI182999,64,26,2009-05-28
EPI183007,42.8333333,12.8333333,2009-05-27
EPI183011,35.685278,139.753056,2009-06-07
EPI183013,35.25,136,2009-05-19
EPI183015,35.25,136,2009-06-06
EPI183017,35.6853569,139.753089,2009-06-02
EPI183019,35.6853569,139.753089,2009-06-09
EPI183060,26.545,117.8427778,2009-05-28
EPI183077,55.7522222,37.6155556,2009-05-01
EPI183104,34.5003037,-111.5009764,2009-05-19
EPI183107,34.5003037,-111.5009764,2009-05-19
EPI183113,34.7503697,-92.5004364,2009-05-07
EPI183121,60,-96,2009-04-24
EPI183124,4,-72,2009-05-04
EPI183131,13.8333333,-88.9166667,2009-05-13
EPI183134,54,-4,2009-04-28
EPI183139,28.7505408,-82.5000976,2009-05-01
EPI183144,28.7505408,-82.5000976,2009-04-30
EPI183156,40.0003204,-89.2503681,2009-05-23
EPI183160,38.20041778,-84.87762451,2009-05-01
EPI183166,38.20041778,-84.87762451,2009-05-01
EPI183171,31.000467,-92.0003987,2009-05-01
EPI183174,45.5003249,-69.2497714,2009-05-09
EPI183177,42.365647,-71.10832214,2009-05-01
EPI183202,23,-102,2009-04-14
EPI183209,44.2502852,-85.500333,2009-05-01
EPI183233,13.75,100.5,2009-05-04
EPI183241,9,-80,2009-05-11
EPI183250,-22.9933333,-57.9963889,2009-05-20
EPI183254,41.7503782,-71.4997825,2009-04-30
EPI183267,30.267153,-97.7430608,2009-05-12
EPI183271,30.267153,-97.7430608,2009-05-12
EPI183276,39.2502391,-111.7510337,2009-05-01
EPI183285,38.8951118,-77.0363658,2009-05-07
EPI183289,38.5003838,-80.5000866,2009-05-24
EPI183301,19,-70.6666667,2009-04-30
EPI183304,35.3732921,-119.0187125,2009-04-30
EPI183311,51.9225,4.479167,2009-04-29
EPI183313,52.5,5.75,2009-05-01
EPI183317,30.267153,-97.7430608,2009-05-11
EPI183340,31.2222222,121.4580556,2009-05-24
EPI183358,48.5,7.5,2009-05-06
EPI183365,48.5,7.5,2009-05-06
EPI183370,48.85341,2.3488,2009-05-17
EPI183376,48.85341,2.3488,2009-05-22
EPI183382,48.0833333,-1.6833333,2009-05-23
EPI183386,48.85341,2.3488,2009-06-02
EPI183393,49.18108624,-0.371217728,2009-06-02
EPI183399,48.85341,2.3488,2009-06-02
EPI183643,30.2552778,120.1688889,2009-05-31
EPI183678,31.2222222,121.4580556,2009-05-24
EPI183729,40.7142691,-74.0059729,2009-04-29
EPI183738,40.700103,-73.7995781,2009-04-26
EPI183746,40.7142691,-74.0059729,2009-05-01
EPI183770,43.0481221,-76.1474244,2009-05-08
EPI183786,40.7506561,-73.582905,2009-05-04
EPI183802,41.1667617,-74.0495861,2009-05-17
EPI183810,40.9312099,-73.8987469,2009-05-02
EPI183818,40.700103,-73.7995781,2009-05-06
EPI183826,40.6501038,-73.9495823,2009-05-06
EPI183834,40.82731951,-73.92356873,2009-04-28
EPI184068,55.7522222,37.6155556,2009-06-03
EPI184237,34.9666667,138.3833333,2009-05-01
EPI184284,49.6116667,6.13,2009-06-01
EPI184301,23,-102,2009-04-15
EPI184307,44.2502852,-85.500333,2009-04-24
EPI184319,30.267153,-97.7430608,2009-04-26
EPI184325,46.2502448,-94.2505535,2009-04-27
EPI184326,40.2503398,-83.0001841,2009-04-27
EPI184332,38.8951118,-77.0363658,2009-04-27
EPI184335,44.5002368,-90.0004077,2009-04-27
EPI184337,39.0003906,-75.4999224,2009-04-28
EPI184340,39.0003906,-75.4999224,2009-04-28
EPI184346,40.27245344,-76.90567017,2009-04-28
EPI184350,40.0003166,-86.2502707,2009-04-29
EPI184353,31.000467,-92.0003987,2009-04-29
EPI184357,39.2502081,-116.7511911,2009-04-29
EPI184362,30.267153,-97.7430608,2009-04-29
EPI184365,21.3069444,-157.8583333,2009-04-30
EPI184369,40.27245344,-76.90567017,2009-04-30
EPI184373,35.4675602,-97.5164276,2009-05-01
EPI184378,44.5002368,-90.0004077,2009-05-07
EPI184380,40.7142691,-74.0059729,2009-05-08
EPI184383,40.7142691,-74.0059729,2009-05-23
EPI184385,41.7503782,-71.4997825,2009-06-01
EPI184390,-22.9933333,-57.9963889,2009-06-02
EPI184393,40.1670562,-74.4998748,2009-05-01
EPI184517,1.3666667,103.8,2009-06-02
EPI184541,1.3666667,103.8,2009-06-15
EPI184542,1.3666667,103.8,2009-06-15
EPI184543,1.3666667,103.8,2009-06-15
EPI184646,39.90749774,116.3972282,2009-05-20
EPI184656,42.8333333,12.8333333,2009-06-14
EPI184664,43.7666667,11.25,2009-06-06
EPI184673,19,-70.6666667,2009-05-24
EPI184801,-23.5475,-46.63611111,2009-06-01
EPI184853,59.5,18,2009-05-29
EPI184860,59.5,18,2009-05-30
EPI184865,62,15,2009-06-01
EPI184917,30.2552778,120.1688889,2009-06-01
EPI184924,-41.75,-73,2009-06-19
EPI184926,40,140.5,2009-06-11
EPI184934,35.6853569,139.753089,2009-06-23
EPI184942,39.7,141.15,2009-06-09
EPI184944,39.7,141.15,2009-06-18
EPI184952,31.6,130.55,2009-06-13
EPI184960,35.6853569,139.753089,2009-05-01
EPI184962,35.6853569,139.753089,2009-06-11
EPI184971,35.6853569,139.753089,2009-06-16
EPI185056,31.5,34.75,2009-05-01
EPI185061,31.5,34.75,2009-05-01
EPI185064,31.5,34.75,2009-05-01
EPI185071,19,-70.6666667,2009-05-24
EPI186128,49.25013563,-84.49983432,2009-05-26
EPI186226,1.3666667,103.8,2009-06-30
EPI186231,55.7522222,37.6155556,2009-07-09
EPI186238,42.8333333,12.8333333,2009-06-17
EPI186247,35.6853569,139.753089,2009-06-07
EPI186250,39.2502391,-111.7510337,2009-06-05
EPI186253,-30,-71,2009-06-01
EPI186255,-30,-71,2009-06-08
EPI186257,-30,-71,2009-06-05
EPI186259,-30,-71,2009-06-05
EPI186261,-30,-71,2009-06-05
EPI186263,-30,-71,2009-06-08
EPI186266,18.25,-77.5,2009-06-06
EPI186269,32.3333333,-64.75,2009-06-03
EPI186271,13.1666667,-59.5333333,2009-06-17
EPI186300,11,-61,2009-05-01
EPI186324,35.6853569,139.753089,2009-05-01
EPI186399,53.48094643,-2.237434387,2009-05-02
EPI186407,51.50841526,-0.125532746,2009-04-28
EPI186415,51.50841526,-0.125532746,2009-04-29
EPI186423,52.4666667,-1.9166667,2009-04-30
EPI186431,51.50841526,-0.125532746,2009-04-30
EPI186439,51.50841526,-0.125532746,2009-04-30
EPI186447,50.9,-1.4,2009-04-30
EPI186455,51.50841526,-0.125532746,2009-05-02
EPI186463,51.50841526,-0.125532746,2009-05-02
EPI186471,51.50841526,-0.125532746,2009-05-02
EPI186479,52.2,0.1166667,2009-04-29
EPI186487,51.50841526,-0.125532746,2009-04-27
EPI186495,52.4666667,-1.9166667,2009-04-27
EPI186633,35.6853569,139.753089,2009-06-29
EPI186641,35.3732921,-119.0187125,2009-04-22
EPI186649,35.3732921,-119.0187125,2009-04-21
EPI186657,19,-70.6666667,2009-05-26
EPI186665,19,-70.6666667,2009-05-26
EPI186673,39.000388,-76.749969,2009-06-18
EPI186698,55.00019191,-97.00049444,2009-05-24
EPI186699,23,-102,2009-05-01
EPI186700,23,-102,2009-04-29
EPI186701,23,-102,2009-04-29
EPI186702,23,-102,2009-04-27
EPI186703,23,-102,2009-04-28
EPI186704,23,-102,2009-04-29
EPI186705,46.81227912,-71.21453762,2009-04-16
EPI186706,46.81227912,-71.21453762,2009-05-07
EPI186707,55.00019191,-97.00049444,2009-05-04
EPI186708,55.00019191,-97.00049444,2009-05-08
EPI186709,55.00019191,-97.00049444,2009-05-06
EPI186710,46.81227912,-71.21453762,2009-05-17
EPI186711,55.00019191,-97.00049444,2009-05-20
EPI186712,55.00019191,-97.00049444,2009-05-24
EPI186713,55.00019191,-97.00049444,2009-05-22
EPI186714,55.00019191,-97.00049444,2009-05-21
EPI186715,55.00019191,-97.00049444,2009-05-28
EPI186716,55.00019191,-97.00049444,2009-05-29
EPI186717,55.00019191,-97.00049444,2009-05-30
EPI186838,49.25013563,-84.49983432,2009-06-03
EPI187704,43.598164,13.510075,2009-06-08
EPI187705,43.598164,13.510075,2009-06-11
EPI187706,43.598164,13.510075,2009-07-01
EPI187708,43.598164,13.510075,2009-07-12
EPI187717,40.8667653,-72.7995456,2009-05-08
EPI187725,40.7506561,-73.582905,2009-05-14
EPI187733,40.7506561,-73.582905,2009-05-19
EPI187741,41.1667617,-74.0495861,2009-05-20
EPI187749,43.0481221,-76.1474244,2009-05-12
EPI187765,40.7506561,-73.582905,2009-05-04
EPI187773,40.9312099,-73.8987469,2009-05-12
EPI187781,40.7506561,-73.582905,2009-05-16
EPI188887,40.7506561,-73.582905,2009-05-04
EPI188911,40.7506561,-73.582905,2009-05-17
EPI188919,40.7506561,-73.582905,2009-05-16
EPI188927,40.7506561,-73.582905,2009-05-16
EPI188935,41.1667617,-74.0495861,2009-05-16
EPI188943,43.0481221,-76.1474244,2009-05-20
EPI188951,40.8667653,-72.7995456,2009-05-19
EPI188967,40.9312099,-73.8987469,2009-05-13
EPI188975,41.1667617,-74.0495861,2009-05-16
EPI188983,40.7506561,-73.582905,2009-05-12
EPI188991,40.8667653,-72.7995456,2009-05-17
EPI188999,58.5,82.5,2009-05-01
EPI189074,-34,-64,2009-06-17
EPI189076,-34,-64,2009-06-18
EPI189082,-34,-64,2009-06-18
EPI189085,-34,-64,2009-06-18
EPI189089,-17,-65,2009-05-25
EPI189092,35.3732921,-119.0187125,2009-06-15
EPI189095,35.3732921,-119.0187125,2009-05-01
EPI189098,-30,-71,2009-06-01
EPI189106,-30,-71,2009-05-18
EPI189109,-30,-71,2009-05-19
EPI189113,8,38,2009-06-25
EPI189123,1,38,2009-06-26
EPI189129,14.6666667,-61,2009-06-20
EPI189161,1.3666667,103.8,2009-05-30
EPI189164,1.3666667,103.8,2009-06-17
EPI189170,1.3666667,103.8,2009-06-17
EPI189173,4,-56,2009-06-09
EPI189179,4,-56,2009-06-11
EPI189182,30.267153,-97.7430608,2009-04-15
EPI189189,39.2502391,-111.7510337,2009-06-14
EPI189197,39.2502391,-111.7510337,2009-06-14
EPI189201,39.2502391,-111.7510337,2009-06-14
EPI189206,47.0002454,-109.7510212,2009-05-05
EPI189209,40.7142691,-74.0059729,2009-07-02
EPI189212,35.6853569,139.753089,2009-07-02
EPI190198,56,10,2009-06-04
EPI190206,56,10,2009-06-04
EPI190214,56,10,2009-06-09
EPI190219,35,105,2009-06-29
EPI190224,32.0616667,118.7777778,2009-06-17
EPI190444,40.8667653,-72.7995456,2009-05-20
EPI190452,41.7667606,-73.7329073,2009-05-20
EPI190460,41.7667606,-73.7329073,2009-05-19
EPI190468,40.7142691,-74.0059729,2009-05-26
EPI190476,41.7667606,-73.7329073,2009-05-29
EPI190484,40.7142691,-74.0059729,2009-05-18
EPI190492,40.8667653,-72.7995456,2009-06-03
EPI190508,42.9667327,-76.5829983,2009-06-10
EPI190516,43.1000742,-73.849567,2009-06-17
EPI190524,42.6525793,-73.7562317,2009-05-17
EPI190532,43.0481221,-76.1474244,2009-05-19
EPI190544,28.15,113.6333333,2009-06-13
EPI190631,35.9080659,139.6565723,2009-06-03
EPI190632,35.9080659,139.6565723,2009-05-21
EPI190783,30.267153,-97.7430608,2009-04-14
EPI190791,30.267153,-97.7430608,2009-04-15
EPI190799,30.267153,-97.7430608,2009-04-23
EPI190807,24,121,2009-05-19
EPI190815,25.0391667,121.525,2009-05-22
EPI190839,25.0391667,121.525,2009-05-30
EPI190847,4,-72,2009-06-25
EPI190855,12.1508333,-86.2683333,2009-06-26
EPI190863,19.4341667,-99.1386111,2009-04-25
EPI190871,39.000388,-76.749969,2009-06-16
EPI190887,39.000388,-76.749969,2009-06-18
EPI190911,55.00019191,-97.00049444,2009-07-01
EPI190912,52.28332893,-117.4690019,2009-04-28
EPI190913,45.00015043,-62.99865299,2009-04-29
EPI190914,45.00015043,-62.99865299,2009-04-29
EPI190915,45.00015043,-62.99865299,2009-04-30
EPI190916,46.81227912,-71.21453762,2009-04-26
EPI190917,49.25013563,-84.49983432,2009-04-27
EPI190918,52.28332893,-117.4690019,2009-05-01
EPI190919,46.81227912,-71.21453762,2009-05-08
EPI190920,55.00019191,-97.00049444,2009-04-30
EPI190921,55.00019191,-97.00049444,2009-05-07
EPI190922,55.00019191,-97.00049444,2009-05-07
EPI191771,56.8575,60.6125,2009-05-01
EPI191776,43.25,76.95,2009-05-01
EPI191935,38.8951118,-77.0363658,2009-07-14
EPI191937,38.8951118,-77.0363658,2009-07-28
EPI191939,8,-5,2009-06-16
EPI191948,15,-86.5,2009-06-17
EPI191954,-34,-64,2009-06-17
EPI191959,40.0003204,-89.2503681,2009-06-13
EPI191961,1.3666667,103.8,2009-06-22
EPI191970,39.2502391,-111.7510337,2009-06-12
EPI191971,2,33,2009-07-02
EPI191980,55.7522222,37.6155556,2009-06-20
EPI191989,45,135,2009-07-22
EPI191996,45,135,2009-07-24
EPI192680,49.25013563,-84.49983432,2009-07-03
EPI192718,56,106,2009-05-01
EPI192741,1.3666667,103.8,2009-06-14
EPI192742,1.3666667,103.8,2009-06-14
EPI192743,1.3666667,103.8,2009-06-14
EPI192744,1.3666667,103.8,2009-06-14
EPI192745,55,73.4,2009-05-01
EPI192750,40.8667653,-72.7995456,2009-05-31
EPI192758,43.0481221,-76.1474244,2009-05-20
EPI192766,42.8142432,-73.9395687,2009-05-21
EPI192782,42.0986867,-75.9179738,2009-05-20
EPI192790,42.8142432,-73.9395687,2009-05-21
EPI192798,43.0481221,-76.1474244,2009-05-18
EPI192806,43.0481221,-76.1474244,2009-05-19
EPI192814,42.4500727,-76.4663283,2009-05-25
EPI192830,43.0481221,-76.1474244,2009-05-26
EPI192838,43.0481221,-76.1474244,2009-05-22
EPI192846,40.8667653,-72.7995456,2009-05-24
EPI192854,41.7667606,-73.7329073,2009-05-21
EPI192862,40.700103,-73.7995781,2009-05-15
EPI192870,40.700103,-73.7995781,2009-05-16
EPI192878,40.7142691,-74.0059729,2009-06-01
EPI192886,42.7167452,-73.4828911,2009-06-02
EPI192918,41.8834262,-74.2501477,2009-05-31
EPI192926,42.1667408,-76.2663218,2009-06-09
EPI192934,41.4167605,-74.3162633,2009-06-10
EPI192942,43.8000693,-75.4829618,2009-06-09
EPI192950,42.6525793,-73.7562317,2009-06-13
EPI192958,40.7142691,-74.0059729,2009-06-19
EPI192982,40.7506561,-73.582905,2009-05-22
EPI193157,40.7506561,-73.582905,2009-05-19
EPI193165,43.0481221,-76.1474244,2009-05-26
EPI193173,42.2667396,-77.3330356,2009-06-02
EPI193181,43.8000693,-75.4829618,2009-06-02
EPI193189,42.46674,-75.5829625,2009-06-01
EPI193197,42.46674,-75.5829625,2009-05-31
EPI193205,42.0986867,-75.9179738,2009-06-10
EPI193221,43.0481221,-76.1474244,2009-06-08
EPI193229,43.1009031,-75.2326641,2009-06-10
EPI193464,49.25013563,-84.49983432,2009-07-06
EPI193472,51.9166667,11.5,2009-05-04
EPI193480,51.9166667,11.5,2009-05-06
EPI193493,49.015,12.0955556,2009-05-01
EPI193853,-30,-71,2009-08-17
EPI194067,49.25013563,-84.49983432,2009-05-24
EPI194075,49.25013563,-84.49983432,2009-05-09
EPI194083,49.25013563,-84.49983432,2009-07-07
EPI194091,49.25013563,-84.49983432,2009-05-30
EPI194099,49.25013563,-84.49983432,2009-06-09
EPI194107,49.25013563,-84.49983432,2009-06-17
EPI194310,15,100,2009-07-02
EPI194311,15,100,2009-07-02
EPI194312,15,100,2009-07-02
EPI194313,15,100,2009-07-02
EPI194333,15,100,2009-06-13
EPI194341,15,100,2009-06-17
EPI194357,44.5002368,-90.0004077,2009-05-01
EPI194365,44.5002368,-90.0004077,2009-05-02
EPI194373,44.5002368,-90.0004077,2009-05-02
EPI194381,44.5002368,-90.0004077,2009-05-03
EPI194389,44.5002368,-90.0004077,2009-05-04
EPI194397,44.5002368,-90.0004077,2009-05-03
EPI194405,44.5002368,-90.0004077,2009-05-02
EPI194413,44.5002368,-90.0004077,2009-05-03
EPI194421,44.5002368,-90.0004077,2009-05-04
EPI194429,44.5002368,-90.0004077,2009-04-30
EPI194437,44.5002368,-90.0004077,2009-05-02
EPI194445,44.5002368,-90.0004077,2009-05-03
EPI194453,44.5002368,-90.0004077,2009-05-03
EPI194461,44.5002368,-90.0004077,2009-05-01
EPI194469,44.5002368,-90.0004077,2009-04-29
EPI194477,44.5002368,-90.0004077,2009-04-29
EPI194485,44.5002368,-90.0004077,2009-05-01
EPI194493,44.5002368,-90.0004077,2009-05-04
EPI194501,44.5002368,-90.0004077,2009-04-28
EPI194509,44.5002368,-90.0004077,2009-05-02
EPI194517,44.5002368,-90.0004077,2009-05-03
EPI194525,44.5002368,-90.0004077,2009-04-30
EPI194533,44.5002368,-90.0004077,2009-05-04
EPI194541,44.5002368,-90.0004077,2009-05-03
EPI194549,44.5002368,-90.0004077,2009-05-02
EPI194557,44.5002368,-90.0004077,2009-04-30
EPI194565,44.5002368,-90.0004077,2009-05-02
EPI194573,44.5002368,-90.0004077,2009-05-04
EPI194581,44.5002368,-90.0004077,2009-04-30
EPI194589,44.5002368,-90.0004077,2009-04-30
EPI194597,44.5002368,-90.0004077,2009-05-01
EPI194605,44.5002368,-90.0004077,2009-05-02
EPI194613,44.5002368,-90.0004077,2009-05-04
EPI194621,44.5002368,-90.0004077,2009-04-30
EPI194629,44.5002368,-90.0004077,2009-05-01
EPI194637,44.5002368,-90.0004077,2009-05-04
EPI194645,44.5002368,-90.0004077,2009-04-30
EPI194653,44.5002368,-90.0004077,2009-05-04
EPI194661,44.5002368,-90.0004077,2009-05-01
EPI194669,44.5002368,-90.0004077,2009-05-04
EPI194677,44.5002368,-90.0004077,2009-05-04
EPI194685,44.5002368,-90.0004077,2009-04-30
EPI194693,44.5002368,-90.0004077,2009-05-04
EPI194701,44.5002368,-90.0004077,2009-05-04
EPI194709,44.5002368,-90.0004077,2009-05-08
EPI194717,44.5002368,-90.0004077,2009-05-10
EPI194725,44.5002368,-90.0004077,2009-05-06
EPI194733,44.5002368,-90.0004077,2009-05-09
EPI194741,44.5002368,-90.0004077,2009-05-08
EPI194749,44.5002368,-90.0004077,2009-05-08
EPI194757,44.5002368,-90.0004077,2009-05-08
EPI194765,44.5002368,-90.0004077,2009-05-10
EPI194773,44.5002368,-90.0004077,2009-05-07
EPI194781,44.5002368,-90.0004077,2009-05-09
EPI194789,44.5002368,-90.0004077,2009-05-16
EPI194797,44.5002368,-90.0004077,2009-05-15
EPI194805,44.5002368,-90.0004077,2009-05-16
EPI194813,44.5002368,-90.0004077,2009-05-16
EPI194821,44.5002368,-90.0004077,2009-05-14
EPI194829,44.5002368,-90.0004077,2009-05-14
EPI194837,44.5002368,-90.0004077,2009-05-14
EPI194845,44.5002368,-90.0004077,2009-05-13
EPI194853,44.5002368,-90.0004077,2009-05-14
EPI194861,44.5002368,-90.0004077,2009-05-16
EPI194869,44.5002368,-90.0004077,2009-05-24
EPI194877,44.5002368,-90.0004077,2009-05-20
EPI194885,44.5002368,-90.0004077,2009-05-19
EPI194893,44.5002368,-90.0004077,2009-05-20
EPI194901,44.5002368,-90.0004077,2009-05-20
EPI194909,44.5002368,-90.0004077,2009-05-19
EPI194917,44.5002368,-90.0004077,2009-05-22
EPI194925,44.5002368,-90.0004077,2009-05-19
EPI194933,44.5002368,-90.0004077,2009-05-22
EPI194941,44.5002368,-90.0004077,2009-05-19
EPI194949,44.5002368,-90.0004077,2009-05-26
EPI194957,44.5002368,-90.0004077,2009-05-27
EPI194965,44.5002368,-90.0004077,2009-05-28
EPI194973,44.5002368,-90.0004077,2009-05-30
EPI194981,44.5002368,-90.0004077,2009-05-27
EPI194989,44.5002368,-90.0004077,2009-05-30
EPI194997,44.5002368,-90.0004077,2009-05-28
EPI195005,44.5002368,-90.0004077,2009-05-27
EPI195013,44.5002368,-90.0004077,2009-04-30
EPI195021,44.5002368,-90.0004077,2009-05-02
EPI195029,44.5002368,-90.0004077,2009-05-04
EPI195037,44.5002368,-90.0004077,2009-05-04
EPI195045,44.5002368,-90.0004077,2009-05-04
EPI195053,44.5002368,-90.0004077,2009-05-03
EPI195061,44.5002368,-90.0004077,2009-05-04
EPI195069,44.5002368,-90.0004077,2009-05-28
EPI195077,44.5002368,-90.0004077,2009-05-28
EPI195085,44.5002368,-90.0004077,2009-05-04
EPI195185,-33.42628385,-70.56655884,2009-06-18
EPI195187,-33.42628385,-70.56655884,2009-06-24
EPI195192,-33.42628385,-70.56655884,2009-06-30
EPI195200,-33.42628385,-70.56655884,2009-07-07
EPI195217,-23.5475,-46.63611111,2009-07-19
EPI195218,-23.5475,-46.63611111,2009-08-01
EPI195219,-23.5475,-46.63611111,2009-08-01
EPI195220,-23.5475,-46.63611111,2009-08-01
EPI195221,-23.5475,-46.63611111,2009-08-02
EPI195222,-23.5475,-46.63611111,2009-08-01
EPI195223,-23.5475,-46.63611111,2009-08-05
EPI195224,-23.5475,-46.63611111,2009-08-05
EPI195225,-23.5475,-46.63611111,2009-08-09
EPI195226,1.3666667,103.8,2009-07-27
EPI195277,43.0481221,-76.1474244,2009-05-26
EPI195285,42.8142432,-73.9395687,2009-05-21
EPI195293,40.7506561,-73.582905,2009-05-01
GQ247724,-23.5475,-46.63611111,2009-04-29
taxid641807,39.76,-98.5,2009-03-30
taxid643959,39.76,-98.5,2009-04-26
taxid644641,39.76,-98.5,2009-04-27
taxid644643,39.76,-98.5,2009-04-27
taxid644645,39.76,-98.5,2009-04-27
taxid644646,39.76,-98.5,2009-04-29
taxid645724,22.2840136,114.1500735,2009-04-30
taxid648109,35.6853569,139.753089,2009-05-01
taxid648110,35.6853569,139.753089,2009-05-01
taxid651095,39.76,-98.5,2009-05-06
taxid651097,39.76,-98.5,2009-05-06
taxid653886,51.5,10.5,2009-05-01
taxid653947,-30,-71,2009-06-11
taxid654419,35,105,2009-05-28
taxid655292,39.76,-98.5,2009-05-11
taxid655294,39.76,-98.5,2009-05-16
taxid655297,39.76,-98.5,2009-05-13
taxid655298,39.76,-98.5,2009-05-14
taxid655984,35.6853569,139.753089,2009-06-07
taxid656890,35,105,2009-06-06
taxid657077,22.2840136,114.1500735,2009-06-11
taxid658032,51.5,10.5,2009-04-29
taxid658033,51.5,10.5,2009-05-02
taxid658034,51.5,10.5,2009-05-04
taxid658113,-10,-55,2009-05-27
taxid658114,-10,-55,2009-05-28
taxid658115,-10,-55,2009-06-05
taxid658179,60,100,2009-05-21
taxid658180,60,100,2009-05-26
taxid658205,52.28332893,-117.4690019,2009-05-03
taxid658207,52.28332893,-117.4690019,2009-05-03
taxid658208,52.28332893,-117.4690019,2009-05-05
taxid658210,52.28332893,-117.4690019,2009-05-03
taxid658211,52.28332893,-117.4690019,2009-05-03
taxid658213,52.28332893,-117.4690019,2009-05-03
taxid658214,52.28332893,-117.4690019,2009-05-05
taxid659132,39.76,-98.5,2009-05-01
taxid659134,39.76,-98.5,2009-04-30
taxid659135,39.76,-98.5,2009-05-01
taxid659136,39.76,-98.5,2009-05-29
taxid659139,39.76,-98.5,2009-05-04
taxid659140,39.76,-98.5,2009-04-25
taxid659141,39.76,-98.5,2009-05-18
taxid659143,39.76,-98.5,2009-04-29
taxid659145,39.76,-98.5,2009-04-30
taxid659146,39.76,-98.5,2009-04-25
taxid659147,39.76,-98.5,2009-05-22
taxid659148,39.76,-98.5,2009-05-31
taxid659149,39.76,-98.5,2009-05-06
taxid659151,39.76,-98.5,2009-04-30
taxid659474,39.76,-98.5,2009-05-11
taxid659485,39.76,-98.5,2009-05-25
taxid659488,39.76,-98.5,2009-05-11
taxid662554,-10,-55,2009-05-20
taxid662555,-10,-55,2009-05-29
taxid662556,-10,-55,2009-05-29
taxid662557,-10,-55,2009-05-29
taxid662558,-10,-55,2009-07-03
